id,meal_data,meal_time_id,ganre,shop_name,dish_name,price,meal_quantity,calorie,protein,carbohydrate,sugar_content,lipid,fiber,salt,user_id
1,2021-7-1,2,3,ほっかほっか亭,塩豚カルビ丼,540,500,822,21.6,99.5,96.5,39,3,3.3,1
2,2021-7-1,2,3,ほっかほっか亭,塩豚カルビ＆おろしうどんセット,560,500,795,17.4,114.9,111.9,30,3,4.2,2
3,2021-7-1,2,3,ほっかほっか亭,釜揚げしらす丼,540,500,500,19.4,77.6,74.6,11.7,3,1.9,3
4,2021-7-1,2,3,ほっかほっか亭,天ぷら御膳,650,500,862,22.9,102,99,39.3,3,2.4,4
5,2021-7-1,2,3,ほっかほっか亭,うなぎ御膳,1480,500,1127,41.9,111.6,108.6,55.8,3,4.7,5
6,2021-7-1,2,3,ほっかほっか亭,うな重,980,500,609,26.1,81.3,78.3,19.7,3,2.8,6
7,2021-7-1,2,3,ほっかほっか亭,うなぎＷ重,1780,500,843,44.5,83.8,80.8,36.5,3,3.8,7
8,2021-7-1,2,3,ほっかほっか亭,海老天かきあげおろしうどん,450,500,598,15.5,87.1,84.1,20.8,3,3.6,8
9,2021-7-1,2,3,ほっかほっか亭,野沢菜弁当,460,500,698,17.4,92.7,89.7,27.8,3,2.4,9
10,2021-7-1,2,3,ほっかほっか亭,タコライス＆照り焼チキンプレート,620,500,671,27.4,93.6,90.6,20,3,3.4,10
11,2021-7-1,2,3,ほっかほっか亭,ハンバーグプレート,640,500,741,25.2,98.5,95.5,27.1,3,2.7,11
12,2021-7-1,2,3,ほっかほっか亭,しょうが焼プレート,620,500,776,27.3,93.6,90.6,31.1,3,2.6,12
13,2021-7-1,2,3,ほっかほっか亭,のりスペシャル,640,500,1238,37.6,157.6,154.6,50.4,3,5.4,13
14,2021-7-1,2,3,ほっかほっか亭,唐揚スペシャル,690,500,1188,37.3,139.3,136.3,53.4,3,4.6,14
15,2021-7-1,2,3,ほっかほっか亭,チキン南蛮スペシャル,760,500,1352,36.1,163.3,160.3,61.1,3,5.4,15
16,2021-7-1,2,3,ほっかほっか亭,牛焼肉スペシャル,790,500,1242,37.2,142.7,139.7,58,3,4.6,16
17,2021-7-1,2,3,ほっかほっか亭,シャケスペシャル,740,500,1085,33,141.3,138.3,43,3,5,17
18,2021-7-1,2,3,ほっかほっか亭,とりめしスペシャル,640,500,1224,35.9,157.2,154.2,49.8,3,5.9,18
19,2021-7-1,2,3,ほっかほっか亭,シャケ重,540,500,565,19.4,86.8,83.8,15.6,3,3.2,19
20,2021-7-1,2,3,ほっかほっか亭,唐揚弁当（4コ）,490,500,907,36.9,114.5,111.5,33.6,3,3.1,20
21,2021-7-1,2,3,ほっかほっか亭,唐揚弁当（5コ）,540,500,1009,43.8,117.4,114.4,40.6,3,3.6,21
22,2021-7-1,2,3,ほっかほっか亭,チキン南蛮弁当,560,500,997,29.3,138,135,36.1,3,3.7,22
23,2021-7-1,2,3,ほっかほっか亭,牛焼肉弁当,540,500,758,23.1,112.1,109.1,24.2,3,2,23
24,2021-7-1,2,3,ほっかほっか亭,のり弁当,360,500,704,21.7,115.2,112.2,17.4,3,3.1,24
25,2021-7-1,2,3,ほっかほっか亭,のり唐揚弁当,440,500,806,28.6,118.1,115.1,24.4,3,3.6,25
26,2021-7-1,2,3,ほっかほっか亭,とりめし,430,500,812,31,112.4,109.4,26.6,3,4,26
27,2021-7-1,2,3,ほっかほっか亭,おろし天丼,540,500,891,27.7,125.1,122.1,31,3,4,27
28,2021-7-1,2,3,ほっかほっか亭,ロースかつ丼,570,500,909,30.6,121.2,118.2,32.2,3,3.8,28
29,2021-7-1,2,3,ほっかほっか亭,特製カレー,480,500,629,10.6,113,110,15.2,3,3,29
30,2021-7-1,2,3,ほっかほっか亭,塩豚カルビ丼,540,500,822,21.6,99.5,96.5,39,3,3.3,30
31,2021-7-1,2,3,ほっかほっか亭,塩豚カルビ＆おろしうどんセット,560,500,795,17.4,114.9,111.9,30,3,4.2,31
32,2021-7-1,2,3,ほっかほっか亭,釜揚げしらす丼,540,500,500,19.4,77.6,74.6,11.7,3,1.9,32
33,2021-7-1,2,3,ほっかほっか亭,天ぷら御膳,650,500,862,22.9,102,99,39.3,3,2.4,33
34,2021-7-1,2,3,ほっかほっか亭,うなぎ御膳,1480,500,1127,41.9,111.6,108.6,55.8,3,4.7,34
35,2021-7-1,2,3,ほっかほっか亭,うな重,980,500,609,26.1,81.3,78.3,19.7,3,2.8,35
36,2021-7-1,2,3,ほっかほっか亭,うなぎＷ重,1780,500,843,44.5,83.8,80.8,36.5,3,3.8,36
37,2021-7-1,2,3,ほっかほっか亭,海老天かきあげおろしうどん,450,500,598,15.5,87.1,84.1,20.8,3,3.6,37
38,2021-7-1,2,3,ほっかほっか亭,野沢菜弁当,460,500,698,17.4,92.7,89.7,27.8,3,2.4,38
39,2021-7-1,2,3,ほっかほっか亭,タコライス＆照り焼チキンプレート,620,500,671,27.4,93.6,90.6,20,3,3.4,39
40,2021-7-1,2,3,ほっかほっか亭,ハンバーグプレート,640,500,741,25.2,98.5,95.5,27.1,3,2.7,40
41,2021-7-1,2,3,ほっかほっか亭,しょうが焼プレート,620,500,776,27.3,93.6,90.6,31.1,3,2.6,41
42,2021-7-1,2,3,ほっかほっか亭,のりスペシャル,640,500,1238,37.6,157.6,154.6,50.4,3,5.4,42
43,2021-7-1,2,3,ほっかほっか亭,唐揚スペシャル,690,500,1188,37.3,139.3,136.3,53.4,3,4.6,43
44,2021-7-1,2,3,ほっかほっか亭,チキン南蛮スペシャル,760,500,1352,36.1,163.3,160.3,61.1,3,5.4,44
45,2021-7-1,2,3,ほっかほっか亭,牛焼肉スペシャル,790,500,1242,37.2,142.7,139.7,58,3,4.6,45
46,2021-7-1,2,3,ほっかほっか亭,シャケスペシャル,740,500,1085,33,141.3,138.3,43,3,5,46
47,2021-7-1,2,3,ほっかほっか亭,とりめしスペシャル,640,500,1224,35.9,157.2,154.2,49.8,3,5.9,47
48,2021-7-1,2,3,ほっかほっか亭,シャケ重,540,500,565,19.4,86.8,83.8,15.6,3,3.2,48
49,2021-7-1,2,3,ほっかほっか亭,唐揚弁当（4コ）,490,500,907,36.9,114.5,111.5,33.6,3,3.1,49
50,2021-7-1,2,3,ほっかほっか亭,唐揚弁当（5コ）,540,500,1009,43.8,117.4,114.4,40.6,3,3.6,50
51,2021-7-1,3,3,ほっかほっか亭,チキン南蛮弁当,560,500,997,29.3,138,135,36.1,3,3.7,1
52,2021-7-1,3,3,ほっかほっか亭,牛焼肉弁当,540,500,758,23.1,112.1,109.1,24.2,3,2,2
53,2021-7-1,3,3,ほっかほっか亭,のり弁当,360,500,704,21.7,115.2,112.2,17.4,3,3.1,3
54,2021-7-1,3,3,ほっかほっか亭,のり唐揚弁当,440,500,806,28.6,118.1,115.1,24.4,3,3.6,4
55,2021-7-1,3,3,ほっかほっか亭,とりめし,430,500,812,31,112.4,109.4,26.6,3,4,5
56,2021-7-1,3,3,ほっかほっか亭,おろし天丼,540,500,891,27.7,125.1,122.1,31,3,4,6
57,2021-7-1,3,3,ほっかほっか亭,ロースかつ丼,570,500,909,30.6,121.2,118.2,32.2,3,3.8,7
58,2021-7-1,3,3,ほっかほっか亭,特製カレー,480,500,629,10.6,113,110,15.2,3,3,8
59,2021-7-1,3,3,ほっかほっか亭,塩豚カルビ丼,540,500,822,21.6,99.5,96.5,39,3,3.3,9
60,2021-7-1,3,3,ほっかほっか亭,塩豚カルビ＆おろしうどんセット,560,500,795,17.4,114.9,111.9,30,3,4.2,10
61,2021-7-1,3,3,ほっかほっか亭,釜揚げしらす丼,540,500,500,19.4,77.6,74.6,11.7,3,1.9,11
62,2021-7-1,3,3,ほっかほっか亭,天ぷら御膳,650,500,862,22.9,102,99,39.3,3,2.4,12
63,2021-7-1,3,3,ほっかほっか亭,うなぎ御膳,1480,500,1127,41.9,111.6,108.6,55.8,3,4.7,13
64,2021-7-1,3,3,ほっかほっか亭,うな重,980,500,609,26.1,81.3,78.3,19.7,3,2.8,14
65,2021-7-1,3,3,ほっかほっか亭,うなぎＷ重,1780,500,843,44.5,83.8,80.8,36.5,3,3.8,15
66,2021-7-1,3,3,ほっかほっか亭,海老天かきあげおろしうどん,450,500,598,15.5,87.1,84.1,20.8,3,3.6,16
67,2021-7-1,3,3,ほっかほっか亭,野沢菜弁当,460,500,698,17.4,92.7,89.7,27.8,3,2.4,17
68,2021-7-1,3,3,ほっかほっか亭,タコライス＆照り焼チキンプレート,620,500,671,27.4,93.6,90.6,20,3,3.4,18
69,2021-7-1,3,3,ほっかほっか亭,ハンバーグプレート,640,500,741,25.2,98.5,95.5,27.1,3,2.7,19
70,2021-7-1,3,3,ほっかほっか亭,しょうが焼プレート,620,500,776,27.3,93.6,90.6,31.1,3,2.6,20
71,2021-7-1,3,3,ほっかほっか亭,のりスペシャル,640,500,1238,37.6,157.6,154.6,50.4,3,5.4,21
72,2021-7-1,3,3,ほっかほっか亭,唐揚スペシャル,690,500,1188,37.3,139.3,136.3,53.4,3,4.6,22
73,2021-7-1,3,3,ほっかほっか亭,チキン南蛮スペシャル,760,500,1352,36.1,163.3,160.3,61.1,3,5.4,23
74,2021-7-1,3,3,ほっかほっか亭,牛焼肉スペシャル,790,500,1242,37.2,142.7,139.7,58,3,4.6,24
75,2021-7-1,3,3,ほっかほっか亭,シャケスペシャル,740,500,1085,33,141.3,138.3,43,3,5,25
76,2021-7-1,3,3,ほっかほっか亭,とりめしスペシャル,640,500,1224,35.9,157.2,154.2,49.8,3,5.9,26
77,2021-7-1,3,3,ほっかほっか亭,シャケ重,540,500,565,19.4,86.8,83.8,15.6,3,3.2,27
78,2021-7-1,3,3,ほっかほっか亭,唐揚弁当（4コ）,490,500,907,36.9,114.5,111.5,33.6,3,3.1,28
79,2021-7-1,3,3,ほっかほっか亭,唐揚弁当（5コ）,540,500,1009,43.8,117.4,114.4,40.6,3,3.6,29
80,2021-7-1,3,3,ほっかほっか亭,チキン南蛮弁当,560,500,997,29.3,138,135,36.1,3,3.7,30
81,2021-7-1,3,3,ほっかほっか亭,牛焼肉弁当,540,500,758,23.1,112.1,109.1,24.2,3,2,31
82,2021-7-1,3,3,ほっかほっか亭,のり弁当,360,500,704,21.7,115.2,112.2,17.4,3,3.1,32
83,2021-7-1,3,3,ほっかほっか亭,のり唐揚弁当,440,500,806,28.6,118.1,115.1,24.4,3,3.6,33
84,2021-7-1,3,3,ほっかほっか亭,とりめし,430,500,812,31,112.4,109.4,26.6,3,4,34
85,2021-7-1,3,3,ほっかほっか亭,おろし天丼,540,500,891,27.7,125.1,122.1,31,3,4,35
86,2021-7-1,3,3,ほっかほっか亭,ロースかつ丼,570,500,909,30.6,121.2,118.2,32.2,3,3.8,36
87,2021-7-1,3,3,ほっかほっか亭,特製カレー,480,500,629,10.6,113,110,15.2,3,3,37
88,2021-7-1,3,3,ほっかほっか亭,塩豚カルビ丼,540,500,822,21.6,99.5,96.5,39,3,3.3,38
89,2021-7-1,3,3,ほっかほっか亭,塩豚カルビ＆おろしうどんセット,560,500,795,17.4,114.9,111.9,30,3,4.2,39
90,2021-7-1,3,3,ほっかほっか亭,釜揚げしらす丼,540,500,500,19.4,77.6,74.6,11.7,3,1.9,40
91,2021-7-1,3,3,ほっかほっか亭,天ぷら御膳,650,500,862,22.9,102,99,39.3,3,2.4,41
92,2021-7-1,3,3,ほっかほっか亭,うなぎ御膳,1480,500,1127,41.9,111.6,108.6,55.8,3,4.7,42
93,2021-7-1,3,3,ほっかほっか亭,うな重,980,500,609,26.1,81.3,78.3,19.7,3,2.8,43
94,2021-7-1,3,3,ほっかほっか亭,うなぎＷ重,1780,500,843,44.5,83.8,80.8,36.5,3,3.8,44
95,2021-7-1,3,3,ほっかほっか亭,海老天かきあげおろしうどん,450,500,598,15.5,87.1,84.1,20.8,3,3.6,45
96,2021-7-1,3,3,ほっかほっか亭,野沢菜弁当,460,500,698,17.4,92.7,89.7,27.8,3,2.4,46
97,2021-7-1,3,3,ほっかほっか亭,タコライス＆照り焼チキンプレート,620,500,671,27.4,93.6,90.6,20,3,3.4,47
98,2021-7-1,3,3,ほっかほっか亭,ハンバーグプレート,640,500,741,25.2,98.5,95.5,27.1,3,2.7,48
99,2021-7-1,3,3,ほっかほっか亭,しょうが焼プレート,620,500,776,27.3,93.6,90.6,31.1,3,2.6,49
100,2021-7-1,3,3,ほっかほっか亭,のりスペシャル,640,500,1238,37.6,157.6,154.6,50.4,3,5.4,50
101,2021-7-1,4,3,ほっかほっか亭,唐揚スペシャル,690,500,1188,37.3,139.3,136.3,53.4,3,4.6,1
102,2021-7-1,4,3,ほっかほっか亭,チキン南蛮スペシャル,760,500,1352,36.1,163.3,160.3,61.1,3,5.4,2
103,2021-7-1,4,3,ほっかほっか亭,牛焼肉スペシャル,790,500,1242,37.2,142.7,139.7,58,3,4.6,3
104,2021-7-1,4,3,ほっかほっか亭,シャケスペシャル,740,500,1085,33,141.3,138.3,43,3,5,4
105,2021-7-1,4,3,ほっかほっか亭,とりめしスペシャル,640,500,1224,35.9,157.2,154.2,49.8,3,5.9,5
106,2021-7-1,4,3,ほっかほっか亭,シャケ重,540,500,565,19.4,86.8,83.8,15.6,3,3.2,6
107,2021-7-1,4,3,ほっかほっか亭,唐揚弁当（4コ）,490,500,907,36.9,114.5,111.5,33.6,3,3.1,7
108,2021-7-1,4,3,ほっかほっか亭,唐揚弁当（5コ）,540,500,1009,43.8,117.4,114.4,40.6,3,3.6,8
109,2021-7-1,4,3,ほっかほっか亭,チキン南蛮弁当,560,500,997,29.3,138,135,36.1,3,3.7,9
110,2021-7-1,4,3,ほっかほっか亭,牛焼肉弁当,540,500,758,23.1,112.1,109.1,24.2,3,2,10
111,2021-7-1,4,3,ほっかほっか亭,のり弁当,360,500,704,21.7,115.2,112.2,17.4,3,3.1,11
112,2021-7-1,4,3,ほっかほっか亭,のり唐揚弁当,440,500,806,28.6,118.1,115.1,24.4,3,3.6,12
113,2021-7-1,4,3,ほっかほっか亭,とりめし,430,500,812,31,112.4,109.4,26.6,3,4,13
114,2021-7-1,4,3,ほっかほっか亭,おろし天丼,540,500,891,27.7,125.1,122.1,31,3,4,14
115,2021-7-1,4,3,ほっかほっか亭,ロースかつ丼,570,500,909,30.6,121.2,118.2,32.2,3,3.8,15
116,2021-7-1,4,3,ほっかほっか亭,特製カレー,480,500,629,10.6,113,110,15.2,3,3,16
117,2021-7-1,4,3,ほっかほっか亭,塩豚カルビ丼,540,500,822,21.6,99.5,96.5,39,3,3.3,17
118,2021-7-1,4,3,ほっかほっか亭,塩豚カルビ＆おろしうどんセット,560,500,795,17.4,114.9,111.9,30,3,4.2,18
119,2021-7-1,4,3,ほっかほっか亭,釜揚げしらす丼,540,500,500,19.4,77.6,74.6,11.7,3,1.9,19
120,2021-7-1,4,3,ほっかほっか亭,天ぷら御膳,650,500,862,22.9,102,99,39.3,3,2.4,20
121,2021-7-1,4,3,ほっかほっか亭,うなぎ御膳,1480,500,1127,41.9,111.6,108.6,55.8,3,4.7,21
122,2021-7-1,4,3,ほっかほっか亭,うな重,980,500,609,26.1,81.3,78.3,19.7,3,2.8,22
123,2021-7-1,4,3,ほっかほっか亭,うなぎＷ重,1780,500,843,44.5,83.8,80.8,36.5,3,3.8,23
124,2021-7-1,4,3,ほっかほっか亭,海老天かきあげおろしうどん,450,500,598,15.5,87.1,84.1,20.8,3,3.6,24
125,2021-7-1,4,3,ほっかほっか亭,野沢菜弁当,460,500,698,17.4,92.7,89.7,27.8,3,2.4,25
126,2021-7-1,4,3,ほっかほっか亭,タコライス＆照り焼チキンプレート,620,500,671,27.4,93.6,90.6,20,3,3.4,26
127,2021-7-1,4,3,ほっかほっか亭,ハンバーグプレート,640,500,741,25.2,98.5,95.5,27.1,3,2.7,27
128,2021-7-1,4,3,ほっかほっか亭,しょうが焼プレート,620,500,776,27.3,93.6,90.6,31.1,3,2.6,28
129,2021-7-1,4,3,ほっかほっか亭,のりスペシャル,640,500,1238,37.6,157.6,154.6,50.4,3,5.4,29
130,2021-7-1,4,3,ほっかほっか亭,唐揚スペシャル,690,500,1188,37.3,139.3,136.3,53.4,3,4.6,30
131,2021-7-1,4,3,ほっかほっか亭,チキン南蛮スペシャル,760,500,1352,36.1,163.3,160.3,61.1,3,5.4,31
132,2021-7-1,4,3,ほっかほっか亭,牛焼肉スペシャル,790,500,1242,37.2,142.7,139.7,58,3,4.6,32
133,2021-7-1,4,3,ほっかほっか亭,シャケスペシャル,740,500,1085,33,141.3,138.3,43,3,5,33
134,2021-7-1,4,3,ほっかほっか亭,とりめしスペシャル,640,500,1224,35.9,157.2,154.2,49.8,3,5.9,34
135,2021-7-1,4,3,ほっかほっか亭,シャケ重,540,500,565,19.4,86.8,83.8,15.6,3,3.2,35
136,2021-7-1,4,3,ほっかほっか亭,唐揚弁当（4コ）,490,500,907,36.9,114.5,111.5,33.6,3,3.1,36
137,2021-7-1,4,3,ほっかほっか亭,唐揚弁当（5コ）,540,500,1009,43.8,117.4,114.4,40.6,3,3.6,37
138,2021-7-1,4,3,ほっかほっか亭,チキン南蛮弁当,560,500,997,29.3,138,135,36.1,3,3.7,38
139,2021-7-1,4,3,ほっかほっか亭,牛焼肉弁当,540,500,758,23.1,112.1,109.1,24.2,3,2,39
140,2021-7-1,4,3,ほっかほっか亭,のり弁当,360,500,704,21.7,115.2,112.2,17.4,3,3.1,40
141,2021-7-1,4,3,ほっかほっか亭,のり唐揚弁当,440,500,806,28.6,118.1,115.1,24.4,3,3.6,41
142,2021-7-1,4,3,ほっかほっか亭,とりめし,430,500,812,31,112.4,109.4,26.6,3,4,42
143,2021-7-1,4,3,ほっかほっか亭,おろし天丼,540,500,891,27.7,125.1,122.1,31,3,4,43
144,2021-7-1,4,3,ほっかほっか亭,ロースかつ丼,570,500,909,30.6,121.2,118.2,32.2,3,3.8,44
145,2021-7-1,4,3,ほっかほっか亭,特製カレー,480,500,629,10.6,113,110,15.2,3,3,45
146,2021-7-1,4,3,ほっかほっか亭,塩豚カルビ丼,540,500,822,21.6,99.5,96.5,39,3,3.3,46
147,2021-7-1,4,3,ほっかほっか亭,塩豚カルビ＆おろしうどんセット,560,500,795,17.4,114.9,111.9,30,3,4.2,47
148,2021-7-1,4,3,ほっかほっか亭,釜揚げしらす丼,540,500,500,19.4,77.6,74.6,11.7,3,1.9,48
149,2021-7-1,4,3,ほっかほっか亭,天ぷら御膳,650,500,862,22.9,102,99,39.3,3,2.4,49
150,2021-7-1,4,3,ほっかほっか亭,うなぎ御膳,1480,500,1127,41.9,111.6,108.6,55.8,3,4.7,50
151,2021-7-2,2,3,ほっかほっか亭,うな重,980,500,609,26.1,81.3,78.3,19.7,3,2.8,1
152,2021-7-2,2,3,ほっかほっか亭,うなぎＷ重,1780,500,843,44.5,83.8,80.8,36.5,3,3.8,2
153,2021-7-2,2,3,ほっかほっか亭,海老天かきあげおろしうどん,450,500,598,15.5,87.1,84.1,20.8,3,3.6,3
154,2021-7-2,2,3,ほっかほっか亭,野沢菜弁当,460,500,698,17.4,92.7,89.7,27.8,3,2.4,4
155,2021-7-2,2,3,ほっかほっか亭,タコライス＆照り焼チキンプレート,620,500,671,27.4,93.6,90.6,20,3,3.4,5
156,2021-7-2,2,3,ほっかほっか亭,ハンバーグプレート,640,500,741,25.2,98.5,95.5,27.1,3,2.7,6
157,2021-7-2,2,3,ほっかほっか亭,しょうが焼プレート,620,500,776,27.3,93.6,90.6,31.1,3,2.6,7
158,2021-7-2,2,3,ほっかほっか亭,のりスペシャル,640,500,1238,37.6,157.6,154.6,50.4,3,5.4,8
159,2021-7-2,2,3,ほっかほっか亭,唐揚スペシャル,690,500,1188,37.3,139.3,136.3,53.4,3,4.6,9
160,2021-7-2,2,3,ほっかほっか亭,チキン南蛮スペシャル,760,500,1352,36.1,163.3,160.3,61.1,3,5.4,10
161,2021-7-2,2,3,ほっかほっか亭,牛焼肉スペシャル,790,500,1242,37.2,142.7,139.7,58,3,4.6,11
162,2021-7-2,2,3,ほっかほっか亭,シャケスペシャル,740,500,1085,33,141.3,138.3,43,3,5,12
163,2021-7-2,2,3,ほっかほっか亭,とりめしスペシャル,640,500,1224,35.9,157.2,154.2,49.8,3,5.9,13
164,2021-7-2,2,3,ほっかほっか亭,シャケ重,540,500,565,19.4,86.8,83.8,15.6,3,3.2,14
165,2021-7-2,2,3,ほっかほっか亭,唐揚弁当（4コ）,490,500,907,36.9,114.5,111.5,33.6,3,3.1,15
166,2021-7-2,2,3,ほっかほっか亭,唐揚弁当（5コ）,540,500,1009,43.8,117.4,114.4,40.6,3,3.6,16
167,2021-7-2,2,3,ほっかほっか亭,チキン南蛮弁当,560,500,997,29.3,138,135,36.1,3,3.7,17
168,2021-7-2,2,3,ほっかほっか亭,牛焼肉弁当,540,500,758,23.1,112.1,109.1,24.2,3,2,18
169,2021-7-2,2,3,ほっかほっか亭,のり弁当,360,500,704,21.7,115.2,112.2,17.4,3,3.1,19
170,2021-7-2,2,3,ほっかほっか亭,のり唐揚弁当,440,500,806,28.6,118.1,115.1,24.4,3,3.6,20
171,2021-7-2,2,3,ほっかほっか亭,とりめし,430,500,812,31,112.4,109.4,26.6,3,4,21
172,2021-7-2,2,3,ほっかほっか亭,おろし天丼,540,500,891,27.7,125.1,122.1,31,3,4,22
173,2021-7-2,2,3,ほっかほっか亭,ロースかつ丼,570,500,909,30.6,121.2,118.2,32.2,3,3.8,23
174,2021-7-2,2,3,ほっかほっか亭,特製カレー,480,500,629,10.6,113,110,15.2,3,3,24
175,2021-7-2,2,3,ほっかほっか亭,塩豚カルビ丼,540,500,822,21.6,99.5,96.5,39,3,3.3,25
176,2021-7-2,2,3,ほっかほっか亭,塩豚カルビ＆おろしうどんセット,560,500,795,17.4,114.9,111.9,30,3,4.2,26
177,2021-7-2,2,3,ほっかほっか亭,釜揚げしらす丼,540,500,500,19.4,77.6,74.6,11.7,3,1.9,27
178,2021-7-2,2,3,ほっかほっか亭,天ぷら御膳,650,500,862,22.9,102,99,39.3,3,2.4,28
179,2021-7-2,2,3,ほっかほっか亭,うなぎ御膳,1480,500,1127,41.9,111.6,108.6,55.8,3,4.7,29
180,2021-7-2,2,3,ほっかほっか亭,うな重,980,500,609,26.1,81.3,78.3,19.7,3,2.8,30
181,2021-7-2,2,3,ほっかほっか亭,うなぎＷ重,1780,500,843,44.5,83.8,80.8,36.5,3,3.8,31
182,2021-7-2,2,3,ほっかほっか亭,海老天かきあげおろしうどん,450,500,598,15.5,87.1,84.1,20.8,3,3.6,32
183,2021-7-2,2,3,ほっかほっか亭,野沢菜弁当,460,500,698,17.4,92.7,89.7,27.8,3,2.4,33
184,2021-7-2,2,3,ほっかほっか亭,タコライス＆照り焼チキンプレート,620,500,671,27.4,93.6,90.6,20,3,3.4,34
185,2021-7-2,2,3,ほっかほっか亭,ハンバーグプレート,640,500,741,25.2,98.5,95.5,27.1,3,2.7,35
186,2021-7-2,2,3,ほっかほっか亭,しょうが焼プレート,620,500,776,27.3,93.6,90.6,31.1,3,2.6,36
187,2021-7-2,2,3,ほっかほっか亭,のりスペシャル,640,500,1238,37.6,157.6,154.6,50.4,3,5.4,37
188,2021-7-2,2,3,ほっかほっか亭,唐揚スペシャル,690,500,1188,37.3,139.3,136.3,53.4,3,4.6,38
189,2021-7-2,2,3,ほっかほっか亭,チキン南蛮スペシャル,760,500,1352,36.1,163.3,160.3,61.1,3,5.4,39
190,2021-7-2,2,3,ほっかほっか亭,牛焼肉スペシャル,790,500,1242,37.2,142.7,139.7,58,3,4.6,40
191,2021-7-2,2,3,ほっかほっか亭,シャケスペシャル,740,500,1085,33,141.3,138.3,43,3,5,41
192,2021-7-2,2,3,ほっかほっか亭,とりめしスペシャル,640,500,1224,35.9,157.2,154.2,49.8,3,5.9,42
193,2021-7-2,2,3,ほっかほっか亭,シャケ重,540,500,565,19.4,86.8,83.8,15.6,3,3.2,43
194,2021-7-2,2,3,ほっかほっか亭,唐揚弁当（4コ）,490,500,907,36.9,114.5,111.5,33.6,3,3.1,44
195,2021-7-2,2,3,ほっかほっか亭,唐揚弁当（5コ）,540,500,1009,43.8,117.4,114.4,40.6,3,3.6,45
196,2021-7-2,2,3,ほっかほっか亭,チキン南蛮弁当,560,500,997,29.3,138,135,36.1,3,3.7,46
197,2021-7-2,2,3,ほっかほっか亭,牛焼肉弁当,540,500,758,23.1,112.1,109.1,24.2,3,2,47
198,2021-7-2,2,3,ほっかほっか亭,のり弁当,360,500,704,21.7,115.2,112.2,17.4,3,3.1,48
199,2021-7-2,2,3,ほっかほっか亭,のり唐揚弁当,440,500,806,28.6,118.1,115.1,24.4,3,3.6,49
200,2021-7-2,2,3,ほっかほっか亭,とりめし,430,500,812,31,112.4,109.4,26.6,3,4,50
201,2021-7-2,3,3,ほっかほっか亭,おろし天丼,540,500,891,27.7,125.1,122.1,31,3,4,1
202,2021-7-2,3,3,ほっかほっか亭,ロースかつ丼,570,500,909,30.6,121.2,118.2,32.2,3,3.8,2
203,2021-7-2,3,3,ほっかほっか亭,特製カレー,480,500,629,10.6,113,110,15.2,3,3,3
204,2021-7-2,3,3,ほっかほっか亭,塩豚カルビ丼,540,500,822,21.6,99.5,96.5,39,3,3.3,4
205,2021-7-2,3,3,ほっかほっか亭,塩豚カルビ＆おろしうどんセット,560,500,795,17.4,114.9,111.9,30,3,4.2,5
206,2021-7-2,3,3,ほっかほっか亭,釜揚げしらす丼,540,500,500,19.4,77.6,74.6,11.7,3,1.9,6
207,2021-7-2,3,3,ほっかほっか亭,天ぷら御膳,650,500,862,22.9,102,99,39.3,3,2.4,7
208,2021-7-2,3,3,ほっかほっか亭,うなぎ御膳,1480,500,1127,41.9,111.6,108.6,55.8,3,4.7,8
209,2021-7-2,3,3,ほっかほっか亭,うな重,980,500,609,26.1,81.3,78.3,19.7,3,2.8,9
210,2021-7-2,3,3,ほっかほっか亭,うなぎＷ重,1780,500,843,44.5,83.8,80.8,36.5,3,3.8,10
211,2021-7-2,3,3,ほっかほっか亭,海老天かきあげおろしうどん,450,500,598,15.5,87.1,84.1,20.8,3,3.6,11
212,2021-7-2,3,3,ほっかほっか亭,野沢菜弁当,460,500,698,17.4,92.7,89.7,27.8,3,2.4,12
213,2021-7-2,3,3,ほっかほっか亭,タコライス＆照り焼チキンプレート,620,500,671,27.4,93.6,90.6,20,3,3.4,13
214,2021-7-2,3,3,ほっかほっか亭,ハンバーグプレート,640,500,741,25.2,98.5,95.5,27.1,3,2.7,14
215,2021-7-2,3,3,ほっかほっか亭,しょうが焼プレート,620,500,776,27.3,93.6,90.6,31.1,3,2.6,15
216,2021-7-2,3,3,ほっかほっか亭,のりスペシャル,640,500,1238,37.6,157.6,154.6,50.4,3,5.4,16
217,2021-7-2,3,3,ほっかほっか亭,唐揚スペシャル,690,500,1188,37.3,139.3,136.3,53.4,3,4.6,17
218,2021-7-2,3,3,ほっかほっか亭,チキン南蛮スペシャル,760,500,1352,36.1,163.3,160.3,61.1,3,5.4,18
219,2021-7-2,3,3,ほっかほっか亭,牛焼肉スペシャル,790,500,1242,37.2,142.7,139.7,58,3,4.6,19
220,2021-7-2,3,3,ほっかほっか亭,シャケスペシャル,740,500,1085,33,141.3,138.3,43,3,5,20
221,2021-7-2,3,3,ほっかほっか亭,とりめしスペシャル,640,500,1224,35.9,157.2,154.2,49.8,3,5.9,21
222,2021-7-2,3,3,ほっかほっか亭,シャケ重,540,500,565,19.4,86.8,83.8,15.6,3,3.2,22
223,2021-7-2,3,3,ほっかほっか亭,唐揚弁当（4コ）,490,500,907,36.9,114.5,111.5,33.6,3,3.1,23
224,2021-7-2,3,3,ほっかほっか亭,唐揚弁当（5コ）,540,500,1009,43.8,117.4,114.4,40.6,3,3.6,24
225,2021-7-2,3,3,ほっかほっか亭,チキン南蛮弁当,560,500,997,29.3,138,135,36.1,3,3.7,25
226,2021-7-2,3,3,ほっかほっか亭,牛焼肉弁当,540,500,758,23.1,112.1,109.1,24.2,3,2,26
227,2021-7-2,3,3,ほっかほっか亭,のり弁当,360,500,704,21.7,115.2,112.2,17.4,3,3.1,27
228,2021-7-2,3,3,ほっかほっか亭,のり唐揚弁当,440,500,806,28.6,118.1,115.1,24.4,3,3.6,28
229,2021-7-2,3,3,ほっかほっか亭,とりめし,430,500,812,31,112.4,109.4,26.6,3,4,29
230,2021-7-2,3,3,ほっかほっか亭,おろし天丼,540,500,891,27.7,125.1,122.1,31,3,4,30
231,2021-7-2,3,3,ほっかほっか亭,ロースかつ丼,570,500,909,30.6,121.2,118.2,32.2,3,3.8,31
232,2021-7-2,3,3,ほっかほっか亭,特製カレー,480,500,629,10.6,113,110,15.2,3,3,32
233,2021-7-2,3,3,ほっかほっか亭,塩豚カルビ丼,540,500,822,21.6,99.5,96.5,39,3,3.3,33
234,2021-7-2,3,3,ほっかほっか亭,塩豚カルビ＆おろしうどんセット,560,500,795,17.4,114.9,111.9,30,3,4.2,34
235,2021-7-2,3,3,ほっかほっか亭,釜揚げしらす丼,540,500,500,19.4,77.6,74.6,11.7,3,1.9,35
236,2021-7-2,3,3,ほっかほっか亭,天ぷら御膳,650,500,862,22.9,102,99,39.3,3,2.4,36
237,2021-7-2,3,3,ほっかほっか亭,うなぎ御膳,1480,500,1127,41.9,111.6,108.6,55.8,3,4.7,37
238,2021-7-2,3,3,ほっかほっか亭,うな重,980,500,609,26.1,81.3,78.3,19.7,3,2.8,38
239,2021-7-2,3,3,ほっかほっか亭,うなぎＷ重,1780,500,843,44.5,83.8,80.8,36.5,3,3.8,39
240,2021-7-2,3,3,ほっかほっか亭,海老天かきあげおろしうどん,450,500,598,15.5,87.1,84.1,20.8,3,3.6,40
241,2021-7-2,3,3,ほっかほっか亭,野沢菜弁当,460,500,698,17.4,92.7,89.7,27.8,3,2.4,41
242,2021-7-2,3,3,ほっかほっか亭,タコライス＆照り焼チキンプレート,620,500,671,27.4,93.6,90.6,20,3,3.4,42
243,2021-7-2,3,3,ほっかほっか亭,ハンバーグプレート,640,500,741,25.2,98.5,95.5,27.1,3,2.7,43
244,2021-7-2,3,3,ほっかほっか亭,しょうが焼プレート,620,500,776,27.3,93.6,90.6,31.1,3,2.6,44
245,2021-7-2,3,3,ほっかほっか亭,のりスペシャル,640,500,1238,37.6,157.6,154.6,50.4,3,5.4,45
246,2021-7-2,3,3,ほっかほっか亭,唐揚スペシャル,690,500,1188,37.3,139.3,136.3,53.4,3,4.6,46
247,2021-7-2,3,3,ほっかほっか亭,チキン南蛮スペシャル,760,500,1352,36.1,163.3,160.3,61.1,3,5.4,47
248,2021-7-2,3,3,ほっかほっか亭,牛焼肉スペシャル,790,500,1242,37.2,142.7,139.7,58,3,4.6,48
249,2021-7-2,3,3,ほっかほっか亭,シャケスペシャル,740,500,1085,33,141.3,138.3,43,3,5,49
250,2021-7-2,3,3,ほっかほっか亭,とりめしスペシャル,640,500,1224,35.9,157.2,154.2,49.8,3,5.9,50
251,2021-7-2,4,3,ほっかほっか亭,シャケ重,540,500,565,19.4,86.8,83.8,15.6,3,3.2,1
252,2021-7-2,4,3,ほっかほっか亭,唐揚弁当（4コ）,490,500,907,36.9,114.5,111.5,33.6,3,3.1,2
253,2021-7-2,4,3,ほっかほっか亭,唐揚弁当（5コ）,540,500,1009,43.8,117.4,114.4,40.6,3,3.6,3
254,2021-7-2,4,3,ほっかほっか亭,チキン南蛮弁当,560,500,997,29.3,138,135,36.1,3,3.7,4
255,2021-7-2,4,3,ほっかほっか亭,牛焼肉弁当,540,500,758,23.1,112.1,109.1,24.2,3,2,5
256,2021-7-2,4,3,ほっかほっか亭,のり弁当,360,500,704,21.7,115.2,112.2,17.4,3,3.1,6
257,2021-7-2,4,3,ほっかほっか亭,のり唐揚弁当,440,500,806,28.6,118.1,115.1,24.4,3,3.6,7
258,2021-7-2,4,3,ほっかほっか亭,とりめし,430,500,812,31,112.4,109.4,26.6,3,4,8
259,2021-7-2,4,3,ほっかほっか亭,おろし天丼,540,500,891,27.7,125.1,122.1,31,3,4,9
260,2021-7-2,4,3,ほっかほっか亭,ロースかつ丼,570,500,909,30.6,121.2,118.2,32.2,3,3.8,10
261,2021-7-2,4,3,ほっかほっか亭,特製カレー,480,500,629,10.6,113,110,15.2,3,3,11
262,2021-7-2,4,3,ほっかほっか亭,塩豚カルビ丼,540,500,822,21.6,99.5,96.5,39,3,3.3,12
263,2021-7-2,4,3,ほっかほっか亭,塩豚カルビ＆おろしうどんセット,560,500,795,17.4,114.9,111.9,30,3,4.2,13
264,2021-7-2,4,3,ほっかほっか亭,釜揚げしらす丼,540,500,500,19.4,77.6,74.6,11.7,3,1.9,14
265,2021-7-2,4,3,ほっかほっか亭,天ぷら御膳,650,500,862,22.9,102,99,39.3,3,2.4,15
266,2021-7-2,4,3,ほっかほっか亭,うなぎ御膳,1480,500,1127,41.9,111.6,108.6,55.8,3,4.7,16
267,2021-7-2,4,3,ほっかほっか亭,うな重,980,500,609,26.1,81.3,78.3,19.7,3,2.8,17
268,2021-7-2,4,3,ほっかほっか亭,うなぎＷ重,1780,500,843,44.5,83.8,80.8,36.5,3,3.8,18
269,2021-7-2,4,3,ほっかほっか亭,海老天かきあげおろしうどん,450,500,598,15.5,87.1,84.1,20.8,3,3.6,19
270,2021-7-2,4,3,ほっかほっか亭,野沢菜弁当,460,500,698,17.4,92.7,89.7,27.8,3,2.4,20
271,2021-7-2,4,3,ほっかほっか亭,タコライス＆照り焼チキンプレート,620,500,671,27.4,93.6,90.6,20,3,3.4,21
272,2021-7-2,4,3,ほっかほっか亭,ハンバーグプレート,640,500,741,25.2,98.5,95.5,27.1,3,2.7,22
273,2021-7-2,4,3,ほっかほっか亭,しょうが焼プレート,620,500,776,27.3,93.6,90.6,31.1,3,2.6,23
274,2021-7-2,4,3,ほっかほっか亭,のりスペシャル,640,500,1238,37.6,157.6,154.6,50.4,3,5.4,24
275,2021-7-2,4,3,ほっかほっか亭,唐揚スペシャル,690,500,1188,37.3,139.3,136.3,53.4,3,4.6,25
276,2021-7-2,4,3,ほっかほっか亭,チキン南蛮スペシャル,760,500,1352,36.1,163.3,160.3,61.1,3,5.4,26
277,2021-7-2,4,3,ほっかほっか亭,牛焼肉スペシャル,790,500,1242,37.2,142.7,139.7,58,3,4.6,27
278,2021-7-2,4,3,ほっかほっか亭,シャケスペシャル,740,500,1085,33,141.3,138.3,43,3,5,28
279,2021-7-2,4,3,ほっかほっか亭,とりめしスペシャル,640,500,1224,35.9,157.2,154.2,49.8,3,5.9,29
280,2021-7-2,4,3,ほっかほっか亭,シャケ重,540,500,565,19.4,86.8,83.8,15.6,3,3.2,30
281,2021-7-2,4,3,ほっかほっか亭,唐揚弁当（4コ）,490,500,907,36.9,114.5,111.5,33.6,3,3.1,31
282,2021-7-2,4,3,ほっかほっか亭,唐揚弁当（5コ）,540,500,1009,43.8,117.4,114.4,40.6,3,3.6,32
283,2021-7-2,4,3,ほっかほっか亭,チキン南蛮弁当,560,500,997,29.3,138,135,36.1,3,3.7,33
284,2021-7-2,4,3,ほっかほっか亭,牛焼肉弁当,540,500,758,23.1,112.1,109.1,24.2,3,2,34
285,2021-7-2,4,3,ほっかほっか亭,のり弁当,360,500,704,21.7,115.2,112.2,17.4,3,3.1,35
286,2021-7-2,4,3,ほっかほっか亭,のり唐揚弁当,440,500,806,28.6,118.1,115.1,24.4,3,3.6,36
287,2021-7-2,4,3,ほっかほっか亭,とりめし,430,500,812,31,112.4,109.4,26.6,3,4,37
288,2021-7-2,4,3,ほっかほっか亭,おろし天丼,540,500,891,27.7,125.1,122.1,31,3,4,38
289,2021-7-2,4,3,ほっかほっか亭,ロースかつ丼,570,500,909,30.6,121.2,118.2,32.2,3,3.8,39
290,2021-7-2,4,3,ほっかほっか亭,特製カレー,480,500,629,10.6,113,110,15.2,3,3,40
291,2021-7-2,4,3,ほっかほっか亭,塩豚カルビ丼,540,500,822,21.6,99.5,96.5,39,3,3.3,41
292,2021-7-2,4,3,ほっかほっか亭,塩豚カルビ＆おろしうどんセット,560,500,795,17.4,114.9,111.9,30,3,4.2,42
293,2021-7-2,4,3,ほっかほっか亭,釜揚げしらす丼,540,500,500,19.4,77.6,74.6,11.7,3,1.9,43
294,2021-7-2,4,3,ほっかほっか亭,天ぷら御膳,650,500,862,22.9,102,99,39.3,3,2.4,44
295,2021-7-2,4,3,ほっかほっか亭,うなぎ御膳,1480,500,1127,41.9,111.6,108.6,55.8,3,4.7,45
296,2021-7-2,4,3,ほっかほっか亭,うな重,980,500,609,26.1,81.3,78.3,19.7,3,2.8,46
297,2021-7-2,4,3,ほっかほっか亭,うなぎＷ重,1780,500,843,44.5,83.8,80.8,36.5,3,3.8,47
298,2021-7-2,4,3,ほっかほっか亭,海老天かきあげおろしうどん,450,500,598,15.5,87.1,84.1,20.8,3,3.6,48
299,2021-7-2,4,3,ほっかほっか亭,野沢菜弁当,460,500,698,17.4,92.7,89.7,27.8,3,2.4,49
300,2021-7-2,4,3,ほっかほっか亭,タコライス＆照り焼チキンプレート,620,500,671,27.4,93.6,90.6,20,3,3.4,50
301,2021-7-3,2,3,ほっかほっか亭,ハンバーグプレート,640,500,741,25.2,98.5,95.5,27.1,3,2.7,1
302,2021-7-3,2,3,ほっかほっか亭,しょうが焼プレート,620,500,776,27.3,93.6,90.6,31.1,3,2.6,2
303,2021-7-3,2,3,ほっかほっか亭,のりスペシャル,640,500,1238,37.6,157.6,154.6,50.4,3,5.4,3
304,2021-7-3,2,3,ほっかほっか亭,唐揚スペシャル,690,500,1188,37.3,139.3,136.3,53.4,3,4.6,4
305,2021-7-3,2,3,ほっかほっか亭,チキン南蛮スペシャル,760,500,1352,36.1,163.3,160.3,61.1,3,5.4,5
306,2021-7-3,2,3,ほっかほっか亭,牛焼肉スペシャル,790,500,1242,37.2,142.7,139.7,58,3,4.6,6
307,2021-7-3,2,3,ほっかほっか亭,シャケスペシャル,740,500,1085,33,141.3,138.3,43,3,5,7
308,2021-7-3,2,3,ほっかほっか亭,とりめしスペシャル,640,500,1224,35.9,157.2,154.2,49.8,3,5.9,8
309,2021-7-3,2,3,ほっかほっか亭,シャケ重,540,500,565,19.4,86.8,83.8,15.6,3,3.2,9
310,2021-7-3,2,3,ほっかほっか亭,唐揚弁当（4コ）,490,500,907,36.9,114.5,111.5,33.6,3,3.1,10
311,2021-7-3,2,3,ほっかほっか亭,唐揚弁当（5コ）,540,500,1009,43.8,117.4,114.4,40.6,3,3.6,11
312,2021-7-3,2,3,ほっかほっか亭,チキン南蛮弁当,560,500,997,29.3,138,135,36.1,3,3.7,12
313,2021-7-3,2,3,ほっかほっか亭,牛焼肉弁当,540,500,758,23.1,112.1,109.1,24.2,3,2,13
314,2021-7-3,2,3,ほっかほっか亭,のり弁当,360,500,704,21.7,115.2,112.2,17.4,3,3.1,14
315,2021-7-3,2,3,ほっかほっか亭,のり唐揚弁当,440,500,806,28.6,118.1,115.1,24.4,3,3.6,15
316,2021-7-3,2,3,ほっかほっか亭,とりめし,430,500,812,31,112.4,109.4,26.6,3,4,16
317,2021-7-3,2,3,ほっかほっか亭,おろし天丼,540,500,891,27.7,125.1,122.1,31,3,4,17
318,2021-7-3,2,3,ほっかほっか亭,ロースかつ丼,570,500,909,30.6,121.2,118.2,32.2,3,3.8,18
319,2021-7-3,2,3,ほっかほっか亭,特製カレー,480,500,629,10.6,113,110,15.2,3,3,19
320,2021-7-3,2,3,ほっかほっか亭,塩豚カルビ丼,540,500,822,21.6,99.5,96.5,39,3,3.3,20
321,2021-7-3,2,3,ほっかほっか亭,塩豚カルビ＆おろしうどんセット,560,500,795,17.4,114.9,111.9,30,3,4.2,21
322,2021-7-3,2,3,ほっかほっか亭,釜揚げしらす丼,540,500,500,19.4,77.6,74.6,11.7,3,1.9,22
323,2021-7-3,2,3,ほっかほっか亭,天ぷら御膳,650,500,862,22.9,102,99,39.3,3,2.4,23
324,2021-7-3,2,3,ほっかほっか亭,うなぎ御膳,1480,500,1127,41.9,111.6,108.6,55.8,3,4.7,24
325,2021-7-3,2,3,ほっかほっか亭,うな重,980,500,609,26.1,81.3,78.3,19.7,3,2.8,25
326,2021-7-3,2,3,ほっかほっか亭,うなぎＷ重,1780,500,843,44.5,83.8,80.8,36.5,3,3.8,26
327,2021-7-3,2,3,ほっかほっか亭,海老天かきあげおろしうどん,450,500,598,15.5,87.1,84.1,20.8,3,3.6,27
328,2021-7-3,2,3,ほっかほっか亭,野沢菜弁当,460,500,698,17.4,92.7,89.7,27.8,3,2.4,28
329,2021-7-3,2,3,ほっかほっか亭,タコライス＆照り焼チキンプレート,620,500,671,27.4,93.6,90.6,20,3,3.4,29
330,2021-7-3,2,3,ほっかほっか亭,ハンバーグプレート,640,500,741,25.2,98.5,95.5,27.1,3,2.7,30
331,2021-7-3,2,3,ほっかほっか亭,しょうが焼プレート,620,500,776,27.3,93.6,90.6,31.1,3,2.6,31
332,2021-7-3,2,3,ほっかほっか亭,のりスペシャル,640,500,1238,37.6,157.6,154.6,50.4,3,5.4,32
333,2021-7-3,2,3,ほっかほっか亭,唐揚スペシャル,690,500,1188,37.3,139.3,136.3,53.4,3,4.6,33
334,2021-7-3,2,3,ほっかほっか亭,チキン南蛮スペシャル,760,500,1352,36.1,163.3,160.3,61.1,3,5.4,34
335,2021-7-3,2,3,ほっかほっか亭,牛焼肉スペシャル,790,500,1242,37.2,142.7,139.7,58,3,4.6,35
336,2021-7-3,2,3,ほっかほっか亭,シャケスペシャル,740,500,1085,33,141.3,138.3,43,3,5,36
337,2021-7-3,2,3,ほっかほっか亭,とりめしスペシャル,640,500,1224,35.9,157.2,154.2,49.8,3,5.9,37
338,2021-7-3,2,3,ほっかほっか亭,シャケ重,540,500,565,19.4,86.8,83.8,15.6,3,3.2,38
339,2021-7-3,2,3,ほっかほっか亭,唐揚弁当（4コ）,490,500,907,36.9,114.5,111.5,33.6,3,3.1,39
340,2021-7-3,2,3,ほっかほっか亭,唐揚弁当（5コ）,540,500,1009,43.8,117.4,114.4,40.6,3,3.6,40
341,2021-7-3,2,3,ほっかほっか亭,チキン南蛮弁当,560,500,997,29.3,138,135,36.1,3,3.7,41
342,2021-7-3,2,3,ほっかほっか亭,牛焼肉弁当,540,500,758,23.1,112.1,109.1,24.2,3,2,42
343,2021-7-3,2,3,ほっかほっか亭,のり弁当,360,500,704,21.7,115.2,112.2,17.4,3,3.1,43
344,2021-7-3,2,3,ほっかほっか亭,のり唐揚弁当,440,500,806,28.6,118.1,115.1,24.4,3,3.6,44
345,2021-7-3,2,3,ほっかほっか亭,とりめし,430,500,812,31,112.4,109.4,26.6,3,4,45
346,2021-7-3,2,3,ほっかほっか亭,おろし天丼,540,500,891,27.7,125.1,122.1,31,3,4,46
347,2021-7-3,2,3,ほっかほっか亭,ロースかつ丼,570,500,909,30.6,121.2,118.2,32.2,3,3.8,47
348,2021-7-3,2,3,ほっかほっか亭,特製カレー,480,500,629,10.6,113,110,15.2,3,3,48
349,2021-7-3,2,3,ほっかほっか亭,塩豚カルビ丼,540,500,822,21.6,99.5,96.5,39,3,3.3,49
350,2021-7-3,2,3,ほっかほっか亭,塩豚カルビ＆おろしうどんセット,560,500,795,17.4,114.9,111.9,30,3,4.2,50
351,2021-7-3,3,3,ほっかほっか亭,釜揚げしらす丼,540,500,500,19.4,77.6,74.6,11.7,3,1.9,1
352,2021-7-3,3,3,ほっかほっか亭,天ぷら御膳,650,500,862,22.9,102,99,39.3,3,2.4,2
353,2021-7-3,3,3,ほっかほっか亭,うなぎ御膳,1480,500,1127,41.9,111.6,108.6,55.8,3,4.7,3
354,2021-7-3,3,3,ほっかほっか亭,うな重,980,500,609,26.1,81.3,78.3,19.7,3,2.8,4
355,2021-7-3,3,3,ほっかほっか亭,うなぎＷ重,1780,500,843,44.5,83.8,80.8,36.5,3,3.8,5
356,2021-7-3,3,3,ほっかほっか亭,海老天かきあげおろしうどん,450,500,598,15.5,87.1,84.1,20.8,3,3.6,6
357,2021-7-3,3,3,ほっかほっか亭,野沢菜弁当,460,500,698,17.4,92.7,89.7,27.8,3,2.4,7
358,2021-7-3,3,3,ほっかほっか亭,タコライス＆照り焼チキンプレート,620,500,671,27.4,93.6,90.6,20,3,3.4,8
359,2021-7-3,3,3,ほっかほっか亭,ハンバーグプレート,640,500,741,25.2,98.5,95.5,27.1,3,2.7,9
360,2021-7-3,3,3,ほっかほっか亭,しょうが焼プレート,620,500,776,27.3,93.6,90.6,31.1,3,2.6,10
361,2021-7-3,3,3,ほっかほっか亭,のりスペシャル,640,500,1238,37.6,157.6,154.6,50.4,3,5.4,11
362,2021-7-3,3,3,ほっかほっか亭,唐揚スペシャル,690,500,1188,37.3,139.3,136.3,53.4,3,4.6,12
363,2021-7-3,3,3,ほっかほっか亭,チキン南蛮スペシャル,760,500,1352,36.1,163.3,160.3,61.1,3,5.4,13
364,2021-7-3,3,3,ほっかほっか亭,牛焼肉スペシャル,790,500,1242,37.2,142.7,139.7,58,3,4.6,14
365,2021-7-3,3,3,ほっかほっか亭,シャケスペシャル,740,500,1085,33,141.3,138.3,43,3,5,15
366,2021-7-3,3,3,ほっかほっか亭,とりめしスペシャル,640,500,1224,35.9,157.2,154.2,49.8,3,5.9,16
367,2021-7-3,3,3,ほっかほっか亭,シャケ重,540,500,565,19.4,86.8,83.8,15.6,3,3.2,17
368,2021-7-3,3,3,ほっかほっか亭,唐揚弁当（4コ）,490,500,907,36.9,114.5,111.5,33.6,3,3.1,18
369,2021-7-3,3,3,ほっかほっか亭,唐揚弁当（5コ）,540,500,1009,43.8,117.4,114.4,40.6,3,3.6,19
370,2021-7-3,3,3,ほっかほっか亭,チキン南蛮弁当,560,500,997,29.3,138,135,36.1,3,3.7,20
371,2021-7-3,3,3,ほっかほっか亭,牛焼肉弁当,540,500,758,23.1,112.1,109.1,24.2,3,2,21
372,2021-7-3,3,3,ほっかほっか亭,のり弁当,360,500,704,21.7,115.2,112.2,17.4,3,3.1,22
373,2021-7-3,3,3,ほっかほっか亭,のり唐揚弁当,440,500,806,28.6,118.1,115.1,24.4,3,3.6,23
374,2021-7-3,3,3,ほっかほっか亭,とりめし,430,500,812,31,112.4,109.4,26.6,3,4,24
375,2021-7-3,3,3,ほっかほっか亭,おろし天丼,540,500,891,27.7,125.1,122.1,31,3,4,25
376,2021-7-3,3,3,ほっかほっか亭,ロースかつ丼,570,500,909,30.6,121.2,118.2,32.2,3,3.8,26
377,2021-7-3,3,3,ほっかほっか亭,特製カレー,480,500,629,10.6,113,110,15.2,3,3,27
378,2021-7-3,3,3,ほっかほっか亭,塩豚カルビ丼,540,500,822,21.6,99.5,96.5,39,3,3.3,28
379,2021-7-3,3,3,ほっかほっか亭,塩豚カルビ＆おろしうどんセット,560,500,795,17.4,114.9,111.9,30,3,4.2,29
380,2021-7-3,3,3,ほっかほっか亭,釜揚げしらす丼,540,500,500,19.4,77.6,74.6,11.7,3,1.9,30
381,2021-7-3,3,3,ほっかほっか亭,天ぷら御膳,650,500,862,22.9,102,99,39.3,3,2.4,31
382,2021-7-3,3,3,ほっかほっか亭,うなぎ御膳,1480,500,1127,41.9,111.6,108.6,55.8,3,4.7,32
383,2021-7-3,3,3,ほっかほっか亭,うな重,980,500,609,26.1,81.3,78.3,19.7,3,2.8,33
384,2021-7-3,3,3,ほっかほっか亭,うなぎＷ重,1780,500,843,44.5,83.8,80.8,36.5,3,3.8,34
385,2021-7-3,3,3,ほっかほっか亭,海老天かきあげおろしうどん,450,500,598,15.5,87.1,84.1,20.8,3,3.6,35
386,2021-7-3,3,3,ほっかほっか亭,野沢菜弁当,460,500,698,17.4,92.7,89.7,27.8,3,2.4,36
387,2021-7-3,3,3,ほっかほっか亭,タコライス＆照り焼チキンプレート,620,500,671,27.4,93.6,90.6,20,3,3.4,37
388,2021-7-3,3,3,ほっかほっか亭,ハンバーグプレート,640,500,741,25.2,98.5,95.5,27.1,3,2.7,38
389,2021-7-3,3,3,ほっかほっか亭,しょうが焼プレート,620,500,776,27.3,93.6,90.6,31.1,3,2.6,39
390,2021-7-3,3,3,ほっかほっか亭,のりスペシャル,640,500,1238,37.6,157.6,154.6,50.4,3,5.4,40
391,2021-7-3,3,3,ほっかほっか亭,唐揚スペシャル,690,500,1188,37.3,139.3,136.3,53.4,3,4.6,41
392,2021-7-3,3,3,ほっかほっか亭,チキン南蛮スペシャル,760,500,1352,36.1,163.3,160.3,61.1,3,5.4,42
393,2021-7-3,3,3,ほっかほっか亭,牛焼肉スペシャル,790,500,1242,37.2,142.7,139.7,58,3,4.6,43
394,2021-7-3,3,3,ほっかほっか亭,シャケスペシャル,740,500,1085,33,141.3,138.3,43,3,5,44
395,2021-7-3,3,3,ほっかほっか亭,とりめしスペシャル,640,500,1224,35.9,157.2,154.2,49.8,3,5.9,45
396,2021-7-3,3,3,ほっかほっか亭,シャケ重,540,500,565,19.4,86.8,83.8,15.6,3,3.2,46
397,2021-7-3,3,3,ほっかほっか亭,唐揚弁当（4コ）,490,500,907,36.9,114.5,111.5,33.6,3,3.1,47
398,2021-7-3,3,3,ほっかほっか亭,唐揚弁当（5コ）,540,500,1009,43.8,117.4,114.4,40.6,3,3.6,48
399,2021-7-3,3,3,ほっかほっか亭,チキン南蛮弁当,560,500,997,29.3,138,135,36.1,3,3.7,49
400,2021-7-3,3,3,ほっかほっか亭,牛焼肉弁当,540,500,758,23.1,112.1,109.1,24.2,3,2,50
401,2021-7-3,4,3,ほっかほっか亭,のり弁当,360,500,704,21.7,115.2,112.2,17.4,3,3.1,1
402,2021-7-3,4,3,ほっかほっか亭,のり唐揚弁当,440,500,806,28.6,118.1,115.1,24.4,3,3.6,2
403,2021-7-3,4,3,ほっかほっか亭,とりめし,430,500,812,31,112.4,109.4,26.6,3,4,3
404,2021-7-3,4,3,ほっかほっか亭,おろし天丼,540,500,891,27.7,125.1,122.1,31,3,4,4
405,2021-7-3,4,3,ほっかほっか亭,ロースかつ丼,570,500,909,30.6,121.2,118.2,32.2,3,3.8,5
406,2021-7-3,4,3,ほっかほっか亭,特製カレー,480,500,629,10.6,113,110,15.2,3,3,6
407,2021-7-3,4,3,ほっかほっか亭,塩豚カルビ丼,540,500,822,21.6,99.5,96.5,39,3,3.3,7
408,2021-7-3,4,3,ほっかほっか亭,塩豚カルビ＆おろしうどんセット,560,500,795,17.4,114.9,111.9,30,3,4.2,8
409,2021-7-3,4,3,ほっかほっか亭,釜揚げしらす丼,540,500,500,19.4,77.6,74.6,11.7,3,1.9,9
410,2021-7-3,4,3,ほっかほっか亭,天ぷら御膳,650,500,862,22.9,102,99,39.3,3,2.4,10
411,2021-7-3,4,3,ほっかほっか亭,うなぎ御膳,1480,500,1127,41.9,111.6,108.6,55.8,3,4.7,11
412,2021-7-3,4,3,ほっかほっか亭,うな重,980,500,609,26.1,81.3,78.3,19.7,3,2.8,12
413,2021-7-3,4,3,ほっかほっか亭,うなぎＷ重,1780,500,843,44.5,83.8,80.8,36.5,3,3.8,13
414,2021-7-3,4,3,ほっかほっか亭,海老天かきあげおろしうどん,450,500,598,15.5,87.1,84.1,20.8,3,3.6,14
415,2021-7-3,4,3,ほっかほっか亭,野沢菜弁当,460,500,698,17.4,92.7,89.7,27.8,3,2.4,15
416,2021-7-3,4,3,ほっかほっか亭,タコライス＆照り焼チキンプレート,620,500,671,27.4,93.6,90.6,20,3,3.4,16
417,2021-7-3,4,3,ほっかほっか亭,ハンバーグプレート,640,500,741,25.2,98.5,95.5,27.1,3,2.7,17
418,2021-7-3,4,3,ほっかほっか亭,しょうが焼プレート,620,500,776,27.3,93.6,90.6,31.1,3,2.6,18
419,2021-7-3,4,3,ほっかほっか亭,のりスペシャル,640,500,1238,37.6,157.6,154.6,50.4,3,5.4,19
420,2021-7-3,4,3,ほっかほっか亭,唐揚スペシャル,690,500,1188,37.3,139.3,136.3,53.4,3,4.6,20
421,2021-7-3,4,3,ほっかほっか亭,チキン南蛮スペシャル,760,500,1352,36.1,163.3,160.3,61.1,3,5.4,21
422,2021-7-3,4,3,ほっかほっか亭,牛焼肉スペシャル,790,500,1242,37.2,142.7,139.7,58,3,4.6,22
423,2021-7-3,4,3,ほっかほっか亭,シャケスペシャル,740,500,1085,33,141.3,138.3,43,3,5,23
424,2021-7-3,4,3,ほっかほっか亭,とりめしスペシャル,640,500,1224,35.9,157.2,154.2,49.8,3,5.9,24
425,2021-7-3,4,3,ほっかほっか亭,シャケ重,540,500,565,19.4,86.8,83.8,15.6,3,3.2,25
426,2021-7-3,4,3,ほっかほっか亭,唐揚弁当（4コ）,490,500,907,36.9,114.5,111.5,33.6,3,3.1,26
427,2021-7-3,4,3,ほっかほっか亭,唐揚弁当（5コ）,540,500,1009,43.8,117.4,114.4,40.6,3,3.6,27
428,2021-7-3,4,3,ほっかほっか亭,チキン南蛮弁当,560,500,997,29.3,138,135,36.1,3,3.7,28
429,2021-7-3,4,3,ほっかほっか亭,牛焼肉弁当,540,500,758,23.1,112.1,109.1,24.2,3,2,29
430,2021-7-3,4,3,ほっかほっか亭,のり弁当,360,500,704,21.7,115.2,112.2,17.4,3,3.1,30
431,2021-7-3,4,3,ほっかほっか亭,のり唐揚弁当,440,500,806,28.6,118.1,115.1,24.4,3,3.6,31
432,2021-7-3,4,3,ほっかほっか亭,とりめし,430,500,812,31,112.4,109.4,26.6,3,4,32
433,2021-7-3,4,3,ほっかほっか亭,おろし天丼,540,500,891,27.7,125.1,122.1,31,3,4,33
434,2021-7-3,4,3,ほっかほっか亭,ロースかつ丼,570,500,909,30.6,121.2,118.2,32.2,3,3.8,34
435,2021-7-3,4,3,ほっかほっか亭,特製カレー,480,500,629,10.6,113,110,15.2,3,3,35
436,2021-7-3,4,3,ほっかほっか亭,塩豚カルビ丼,540,500,822,21.6,99.5,96.5,39,3,3.3,36
437,2021-7-3,4,3,ほっかほっか亭,塩豚カルビ＆おろしうどんセット,560,500,795,17.4,114.9,111.9,30,3,4.2,37
438,2021-7-3,4,3,ほっかほっか亭,釜揚げしらす丼,540,500,500,19.4,77.6,74.6,11.7,3,1.9,38
439,2021-7-3,4,3,ほっかほっか亭,天ぷら御膳,650,500,862,22.9,102,99,39.3,3,2.4,39
440,2021-7-3,4,3,ほっかほっか亭,うなぎ御膳,1480,500,1127,41.9,111.6,108.6,55.8,3,4.7,40
441,2021-7-3,4,3,ほっかほっか亭,うな重,980,500,609,26.1,81.3,78.3,19.7,3,2.8,41
442,2021-7-3,4,3,ほっかほっか亭,うなぎＷ重,1780,500,843,44.5,83.8,80.8,36.5,3,3.8,42
443,2021-7-3,4,3,ほっかほっか亭,海老天かきあげおろしうどん,450,500,598,15.5,87.1,84.1,20.8,3,3.6,43
444,2021-7-3,4,3,ほっかほっか亭,野沢菜弁当,460,500,698,17.4,92.7,89.7,27.8,3,2.4,44
445,2021-7-3,4,3,ほっかほっか亭,タコライス＆照り焼チキンプレート,620,500,671,27.4,93.6,90.6,20,3,3.4,45
446,2021-7-3,4,3,ほっかほっか亭,ハンバーグプレート,640,500,741,25.2,98.5,95.5,27.1,3,2.7,46
447,2021-7-3,4,3,ほっかほっか亭,しょうが焼プレート,620,500,776,27.3,93.6,90.6,31.1,3,2.6,47
448,2021-7-3,4,3,ほっかほっか亭,のりスペシャル,640,500,1238,37.6,157.6,154.6,50.4,3,5.4,48
449,2021-7-3,4,3,ほっかほっか亭,唐揚スペシャル,690,500,1188,37.3,139.3,136.3,53.4,3,4.6,49
450,2021-7-3,4,3,ほっかほっか亭,チキン南蛮スペシャル,760,500,1352,36.1,163.3,160.3,61.1,3,5.4,50
451,2021-7-4,2,3,ほっかほっか亭,牛焼肉スペシャル,790,500,1242,37.2,142.7,139.7,58,3,4.6,1
452,2021-7-4,2,3,ほっかほっか亭,シャケスペシャル,740,500,1085,33,141.3,138.3,43,3,5,2
453,2021-7-4,2,3,ほっかほっか亭,とりめしスペシャル,640,500,1224,35.9,157.2,154.2,49.8,3,5.9,3
454,2021-7-4,2,3,ほっかほっか亭,シャケ重,540,500,565,19.4,86.8,83.8,15.6,3,3.2,4
455,2021-7-4,2,3,ほっかほっか亭,唐揚弁当（4コ）,490,500,907,36.9,114.5,111.5,33.6,3,3.1,5
456,2021-7-4,2,3,ほっかほっか亭,唐揚弁当（5コ）,540,500,1009,43.8,117.4,114.4,40.6,3,3.6,6
457,2021-7-4,2,3,ほっかほっか亭,チキン南蛮弁当,560,500,997,29.3,138,135,36.1,3,3.7,7
458,2021-7-4,2,3,ほっかほっか亭,牛焼肉弁当,540,500,758,23.1,112.1,109.1,24.2,3,2,8
459,2021-7-4,2,3,ほっかほっか亭,のり弁当,360,500,704,21.7,115.2,112.2,17.4,3,3.1,9
460,2021-7-4,2,3,ほっかほっか亭,のり唐揚弁当,440,500,806,28.6,118.1,115.1,24.4,3,3.6,10
461,2021-7-4,2,3,ほっかほっか亭,とりめし,430,500,812,31,112.4,109.4,26.6,3,4,11
462,2021-7-4,2,3,ほっかほっか亭,おろし天丼,540,500,891,27.7,125.1,122.1,31,3,4,12
463,2021-7-4,2,3,ほっかほっか亭,ロースかつ丼,570,500,909,30.6,121.2,118.2,32.2,3,3.8,13
464,2021-7-4,2,3,ほっかほっか亭,特製カレー,480,500,629,10.6,113,110,15.2,3,3,14
465,2021-7-4,2,3,ほっかほっか亭,塩豚カルビ丼,540,500,822,21.6,99.5,96.5,39,3,3.3,15
466,2021-7-4,2,3,ほっかほっか亭,塩豚カルビ＆おろしうどんセット,560,500,795,17.4,114.9,111.9,30,3,4.2,16
467,2021-7-4,2,3,ほっかほっか亭,釜揚げしらす丼,540,500,500,19.4,77.6,74.6,11.7,3,1.9,17
468,2021-7-4,2,3,ほっかほっか亭,天ぷら御膳,650,500,862,22.9,102,99,39.3,3,2.4,18
469,2021-7-4,2,3,ほっかほっか亭,うなぎ御膳,1480,500,1127,41.9,111.6,108.6,55.8,3,4.7,19
470,2021-7-4,2,3,ほっかほっか亭,うな重,980,500,609,26.1,81.3,78.3,19.7,3,2.8,20
471,2021-7-4,2,3,ほっかほっか亭,うなぎＷ重,1780,500,843,44.5,83.8,80.8,36.5,3,3.8,21
472,2021-7-4,2,3,ほっかほっか亭,海老天かきあげおろしうどん,450,500,598,15.5,87.1,84.1,20.8,3,3.6,22
473,2021-7-4,2,3,ほっかほっか亭,野沢菜弁当,460,500,698,17.4,92.7,89.7,27.8,3,2.4,23
474,2021-7-4,2,3,ほっかほっか亭,タコライス＆照り焼チキンプレート,620,500,671,27.4,93.6,90.6,20,3,3.4,24
475,2021-7-4,2,3,ほっかほっか亭,ハンバーグプレート,640,500,741,25.2,98.5,95.5,27.1,3,2.7,25
476,2021-7-4,2,3,ほっかほっか亭,しょうが焼プレート,620,500,776,27.3,93.6,90.6,31.1,3,2.6,26
477,2021-7-4,2,3,ほっかほっか亭,のりスペシャル,640,500,1238,37.6,157.6,154.6,50.4,3,5.4,27
478,2021-7-4,2,3,ほっかほっか亭,唐揚スペシャル,690,500,1188,37.3,139.3,136.3,53.4,3,4.6,28
479,2021-7-4,2,3,ほっかほっか亭,チキン南蛮スペシャル,760,500,1352,36.1,163.3,160.3,61.1,3,5.4,29
480,2021-7-4,2,3,ほっかほっか亭,牛焼肉スペシャル,790,500,1242,37.2,142.7,139.7,58,3,4.6,30
481,2021-7-4,2,3,ほっかほっか亭,シャケスペシャル,740,500,1085,33,141.3,138.3,43,3,5,31
482,2021-7-4,2,3,ほっかほっか亭,とりめしスペシャル,640,500,1224,35.9,157.2,154.2,49.8,3,5.9,32
483,2021-7-4,2,3,ほっかほっか亭,シャケ重,540,500,565,19.4,86.8,83.8,15.6,3,3.2,33
484,2021-7-4,2,3,ほっかほっか亭,唐揚弁当（4コ）,490,500,907,36.9,114.5,111.5,33.6,3,3.1,34
485,2021-7-4,2,3,ほっかほっか亭,唐揚弁当（5コ）,540,500,1009,43.8,117.4,114.4,40.6,3,3.6,35
486,2021-7-4,2,3,ほっかほっか亭,チキン南蛮弁当,560,500,997,29.3,138,135,36.1,3,3.7,36
487,2021-7-4,2,3,ほっかほっか亭,牛焼肉弁当,540,500,758,23.1,112.1,109.1,24.2,3,2,37
488,2021-7-4,2,3,ほっかほっか亭,のり弁当,360,500,704,21.7,115.2,112.2,17.4,3,3.1,38
489,2021-7-4,2,3,ほっかほっか亭,のり唐揚弁当,440,500,806,28.6,118.1,115.1,24.4,3,3.6,39
490,2021-7-4,2,3,ほっかほっか亭,とりめし,430,500,812,31,112.4,109.4,26.6,3,4,40
491,2021-7-4,2,3,ほっかほっか亭,おろし天丼,540,500,891,27.7,125.1,122.1,31,3,4,41
492,2021-7-4,2,3,ほっかほっか亭,ロースかつ丼,570,500,909,30.6,121.2,118.2,32.2,3,3.8,42
493,2021-7-4,2,3,ほっかほっか亭,特製カレー,480,500,629,10.6,113,110,15.2,3,3,43
494,2021-7-4,2,3,ほっかほっか亭,塩豚カルビ丼,540,500,822,21.6,99.5,96.5,39,3,3.3,44
495,2021-7-4,2,3,ほっかほっか亭,塩豚カルビ＆おろしうどんセット,560,500,795,17.4,114.9,111.9,30,3,4.2,45
496,2021-7-4,2,3,ほっかほっか亭,釜揚げしらす丼,540,500,500,19.4,77.6,74.6,11.7,3,1.9,46
497,2021-7-4,2,3,ほっかほっか亭,天ぷら御膳,650,500,862,22.9,102,99,39.3,3,2.4,47
498,2021-7-4,2,3,ほっかほっか亭,うなぎ御膳,1480,500,1127,41.9,111.6,108.6,55.8,3,4.7,48
499,2021-7-4,2,3,ほっかほっか亭,うな重,980,500,609,26.1,81.3,78.3,19.7,3,2.8,49
500,2021-7-4,2,3,ほっかほっか亭,うなぎＷ重,1780,500,843,44.5,83.8,80.8,36.5,3,3.8,50
501,2021-7-4,3,3,ほっかほっか亭,海老天かきあげおろしうどん,450,500,598,15.5,87.1,84.1,20.8,3,3.6,1
502,2021-7-4,3,3,ほっかほっか亭,野沢菜弁当,460,500,698,17.4,92.7,89.7,27.8,3,2.4,2
503,2021-7-4,3,3,ほっかほっか亭,タコライス＆照り焼チキンプレート,620,500,671,27.4,93.6,90.6,20,3,3.4,3
504,2021-7-4,3,3,ほっかほっか亭,ハンバーグプレート,640,500,741,25.2,98.5,95.5,27.1,3,2.7,4
505,2021-7-4,3,3,ほっかほっか亭,しょうが焼プレート,620,500,776,27.3,93.6,90.6,31.1,3,2.6,5
506,2021-7-4,3,3,ほっかほっか亭,のりスペシャル,640,500,1238,37.6,157.6,154.6,50.4,3,5.4,6
507,2021-7-4,3,3,ほっかほっか亭,唐揚スペシャル,690,500,1188,37.3,139.3,136.3,53.4,3,4.6,7
508,2021-7-4,3,3,ほっかほっか亭,チキン南蛮スペシャル,760,500,1352,36.1,163.3,160.3,61.1,3,5.4,8
509,2021-7-4,3,3,ほっかほっか亭,牛焼肉スペシャル,790,500,1242,37.2,142.7,139.7,58,3,4.6,9
510,2021-7-4,3,3,ほっかほっか亭,シャケスペシャル,740,500,1085,33,141.3,138.3,43,3,5,10
511,2021-7-4,3,3,ほっかほっか亭,とりめしスペシャル,640,500,1224,35.9,157.2,154.2,49.8,3,5.9,11
512,2021-7-4,3,3,ほっかほっか亭,シャケ重,540,500,565,19.4,86.8,83.8,15.6,3,3.2,12
513,2021-7-4,3,3,ほっかほっか亭,唐揚弁当（4コ）,490,500,907,36.9,114.5,111.5,33.6,3,3.1,13
514,2021-7-4,3,3,ほっかほっか亭,唐揚弁当（5コ）,540,500,1009,43.8,117.4,114.4,40.6,3,3.6,14
515,2021-7-4,3,3,ほっかほっか亭,チキン南蛮弁当,560,500,997,29.3,138,135,36.1,3,3.7,15
516,2021-7-4,3,3,ほっかほっか亭,牛焼肉弁当,540,500,758,23.1,112.1,109.1,24.2,3,2,16
517,2021-7-4,3,3,ほっかほっか亭,のり弁当,360,500,704,21.7,115.2,112.2,17.4,3,3.1,17
518,2021-7-4,3,3,ほっかほっか亭,のり唐揚弁当,440,500,806,28.6,118.1,115.1,24.4,3,3.6,18
519,2021-7-4,3,3,ほっかほっか亭,とりめし,430,500,812,31,112.4,109.4,26.6,3,4,19
520,2021-7-4,3,3,ほっかほっか亭,おろし天丼,540,500,891,27.7,125.1,122.1,31,3,4,20
521,2021-7-4,3,3,ほっかほっか亭,ロースかつ丼,570,500,909,30.6,121.2,118.2,32.2,3,3.8,21
522,2021-7-4,3,3,ほっかほっか亭,特製カレー,480,500,629,10.6,113,110,15.2,3,3,22
523,2021-7-4,3,3,ほっかほっか亭,塩豚カルビ丼,540,500,822,21.6,99.5,96.5,39,3,3.3,23
524,2021-7-4,3,3,ほっかほっか亭,塩豚カルビ＆おろしうどんセット,560,500,795,17.4,114.9,111.9,30,3,4.2,24
525,2021-7-4,3,3,ほっかほっか亭,釜揚げしらす丼,540,500,500,19.4,77.6,74.6,11.7,3,1.9,25
526,2021-7-4,3,3,ほっかほっか亭,天ぷら御膳,650,500,862,22.9,102,99,39.3,3,2.4,26
527,2021-7-4,3,3,ほっかほっか亭,うなぎ御膳,1480,500,1127,41.9,111.6,108.6,55.8,3,4.7,27
528,2021-7-4,3,3,ほっかほっか亭,うな重,980,500,609,26.1,81.3,78.3,19.7,3,2.8,28
529,2021-7-4,3,3,ほっかほっか亭,うなぎＷ重,1780,500,843,44.5,83.8,80.8,36.5,3,3.8,29
530,2021-7-4,3,3,ほっかほっか亭,海老天かきあげおろしうどん,450,500,598,15.5,87.1,84.1,20.8,3,3.6,30
531,2021-7-4,3,3,ほっかほっか亭,野沢菜弁当,460,500,698,17.4,92.7,89.7,27.8,3,2.4,31
532,2021-7-4,3,3,ほっかほっか亭,タコライス＆照り焼チキンプレート,620,500,671,27.4,93.6,90.6,20,3,3.4,32
533,2021-7-4,3,3,ほっかほっか亭,ハンバーグプレート,640,500,741,25.2,98.5,95.5,27.1,3,2.7,33
534,2021-7-4,3,3,ほっかほっか亭,しょうが焼プレート,620,500,776,27.3,93.6,90.6,31.1,3,2.6,34
535,2021-7-4,3,3,ほっかほっか亭,のりスペシャル,640,500,1238,37.6,157.6,154.6,50.4,3,5.4,35
536,2021-7-4,3,3,ほっかほっか亭,唐揚スペシャル,690,500,1188,37.3,139.3,136.3,53.4,3,4.6,36
537,2021-7-4,3,3,ほっかほっか亭,チキン南蛮スペシャル,760,500,1352,36.1,163.3,160.3,61.1,3,5.4,37
538,2021-7-4,3,3,ほっかほっか亭,牛焼肉スペシャル,790,500,1242,37.2,142.7,139.7,58,3,4.6,38
539,2021-7-4,3,3,ほっかほっか亭,シャケスペシャル,740,500,1085,33,141.3,138.3,43,3,5,39
540,2021-7-4,3,3,ほっかほっか亭,とりめしスペシャル,640,500,1224,35.9,157.2,154.2,49.8,3,5.9,40
541,2021-7-4,3,3,ほっかほっか亭,シャケ重,540,500,565,19.4,86.8,83.8,15.6,3,3.2,41
542,2021-7-4,3,3,ほっかほっか亭,唐揚弁当（4コ）,490,500,907,36.9,114.5,111.5,33.6,3,3.1,42
543,2021-7-4,3,3,ほっかほっか亭,唐揚弁当（5コ）,540,500,1009,43.8,117.4,114.4,40.6,3,3.6,43
544,2021-7-4,3,3,ほっかほっか亭,チキン南蛮弁当,560,500,997,29.3,138,135,36.1,3,3.7,44
545,2021-7-4,3,3,ほっかほっか亭,牛焼肉弁当,540,500,758,23.1,112.1,109.1,24.2,3,2,45
546,2021-7-4,3,3,ほっかほっか亭,のり弁当,360,500,704,21.7,115.2,112.2,17.4,3,3.1,46
547,2021-7-4,3,3,ほっかほっか亭,のり唐揚弁当,440,500,806,28.6,118.1,115.1,24.4,3,3.6,47
548,2021-7-4,3,3,ほっかほっか亭,とりめし,430,500,812,31,112.4,109.4,26.6,3,4,48
549,2021-7-4,3,3,ほっかほっか亭,おろし天丼,540,500,891,27.7,125.1,122.1,31,3,4,49
550,2021-7-4,3,3,ほっかほっか亭,ロースかつ丼,570,500,909,30.6,121.2,118.2,32.2,3,3.8,50
551,2021-7-4,4,3,ほっかほっか亭,特製カレー,480,500,629,10.6,113,110,15.2,3,3,1
552,2021-7-4,4,3,ほっかほっか亭,塩豚カルビ丼,540,500,822,21.6,99.5,96.5,39,3,3.3,2
553,2021-7-4,4,3,ほっかほっか亭,塩豚カルビ＆おろしうどんセット,560,500,795,17.4,114.9,111.9,30,3,4.2,3
554,2021-7-4,4,3,ほっかほっか亭,釜揚げしらす丼,540,500,500,19.4,77.6,74.6,11.7,3,1.9,4
555,2021-7-4,4,3,ほっかほっか亭,天ぷら御膳,650,500,862,22.9,102,99,39.3,3,2.4,5
556,2021-7-4,4,3,ほっかほっか亭,うなぎ御膳,1480,500,1127,41.9,111.6,108.6,55.8,3,4.7,6
557,2021-7-4,4,3,ほっかほっか亭,うな重,980,500,609,26.1,81.3,78.3,19.7,3,2.8,7
558,2021-7-4,4,3,ほっかほっか亭,うなぎＷ重,1780,500,843,44.5,83.8,80.8,36.5,3,3.8,8
559,2021-7-4,4,3,ほっかほっか亭,海老天かきあげおろしうどん,450,500,598,15.5,87.1,84.1,20.8,3,3.6,9
560,2021-7-4,4,3,ほっかほっか亭,野沢菜弁当,460,500,698,17.4,92.7,89.7,27.8,3,2.4,10
561,2021-7-4,4,3,ほっかほっか亭,タコライス＆照り焼チキンプレート,620,500,671,27.4,93.6,90.6,20,3,3.4,11
562,2021-7-4,4,3,ほっかほっか亭,ハンバーグプレート,640,500,741,25.2,98.5,95.5,27.1,3,2.7,12
563,2021-7-4,4,3,ほっかほっか亭,しょうが焼プレート,620,500,776,27.3,93.6,90.6,31.1,3,2.6,13
564,2021-7-4,4,3,ほっかほっか亭,のりスペシャル,640,500,1238,37.6,157.6,154.6,50.4,3,5.4,14
565,2021-7-4,4,3,ほっかほっか亭,唐揚スペシャル,690,500,1188,37.3,139.3,136.3,53.4,3,4.6,15
566,2021-7-4,4,3,ほっかほっか亭,チキン南蛮スペシャル,760,500,1352,36.1,163.3,160.3,61.1,3,5.4,16
567,2021-7-4,4,3,ほっかほっか亭,牛焼肉スペシャル,790,500,1242,37.2,142.7,139.7,58,3,4.6,17
568,2021-7-4,4,3,ほっかほっか亭,シャケスペシャル,740,500,1085,33,141.3,138.3,43,3,5,18
569,2021-7-4,4,3,ほっかほっか亭,とりめしスペシャル,640,500,1224,35.9,157.2,154.2,49.8,3,5.9,19
570,2021-7-4,4,3,ほっかほっか亭,シャケ重,540,500,565,19.4,86.8,83.8,15.6,3,3.2,20
571,2021-7-4,4,3,ほっかほっか亭,唐揚弁当（4コ）,490,500,907,36.9,114.5,111.5,33.6,3,3.1,21
572,2021-7-4,4,3,ほっかほっか亭,唐揚弁当（5コ）,540,500,1009,43.8,117.4,114.4,40.6,3,3.6,22
573,2021-7-4,4,3,ほっかほっか亭,チキン南蛮弁当,560,500,997,29.3,138,135,36.1,3,3.7,23
574,2021-7-4,4,3,ほっかほっか亭,牛焼肉弁当,540,500,758,23.1,112.1,109.1,24.2,3,2,24
575,2021-7-4,4,3,ほっかほっか亭,のり弁当,360,500,704,21.7,115.2,112.2,17.4,3,3.1,25
576,2021-7-4,4,3,ほっかほっか亭,のり唐揚弁当,440,500,806,28.6,118.1,115.1,24.4,3,3.6,26
577,2021-7-4,4,3,ほっかほっか亭,とりめし,430,500,812,31,112.4,109.4,26.6,3,4,27
578,2021-7-4,4,3,ほっかほっか亭,おろし天丼,540,500,891,27.7,125.1,122.1,31,3,4,28
579,2021-7-4,4,3,ほっかほっか亭,ロースかつ丼,570,500,909,30.6,121.2,118.2,32.2,3,3.8,29
580,2021-7-4,4,3,ほっかほっか亭,特製カレー,480,500,629,10.6,113,110,15.2,3,3,30
581,2021-7-4,4,3,ほっかほっか亭,塩豚カルビ丼,540,500,822,21.6,99.5,96.5,39,3,3.3,31
582,2021-7-4,4,3,ほっかほっか亭,塩豚カルビ＆おろしうどんセット,560,500,795,17.4,114.9,111.9,30,3,4.2,32
583,2021-7-4,4,3,ほっかほっか亭,釜揚げしらす丼,540,500,500,19.4,77.6,74.6,11.7,3,1.9,33
584,2021-7-4,4,3,ほっかほっか亭,天ぷら御膳,650,500,862,22.9,102,99,39.3,3,2.4,34
585,2021-7-4,4,3,ほっかほっか亭,うなぎ御膳,1480,500,1127,41.9,111.6,108.6,55.8,3,4.7,35
586,2021-7-4,4,3,ほっかほっか亭,うな重,980,500,609,26.1,81.3,78.3,19.7,3,2.8,36
587,2021-7-4,4,3,ほっかほっか亭,うなぎＷ重,1780,500,843,44.5,83.8,80.8,36.5,3,3.8,37
588,2021-7-4,4,3,ほっかほっか亭,海老天かきあげおろしうどん,450,500,598,15.5,87.1,84.1,20.8,3,3.6,38
589,2021-7-4,4,3,ほっかほっか亭,野沢菜弁当,460,500,698,17.4,92.7,89.7,27.8,3,2.4,39
590,2021-7-4,4,3,ほっかほっか亭,タコライス＆照り焼チキンプレート,620,500,671,27.4,93.6,90.6,20,3,3.4,40
591,2021-7-4,4,3,ほっかほっか亭,ハンバーグプレート,640,500,741,25.2,98.5,95.5,27.1,3,2.7,41
592,2021-7-4,4,3,ほっかほっか亭,しょうが焼プレート,620,500,776,27.3,93.6,90.6,31.1,3,2.6,42
593,2021-7-4,4,3,ほっかほっか亭,のりスペシャル,640,500,1238,37.6,157.6,154.6,50.4,3,5.4,43
594,2021-7-4,4,3,ほっかほっか亭,唐揚スペシャル,690,500,1188,37.3,139.3,136.3,53.4,3,4.6,44
595,2021-7-4,4,3,ほっかほっか亭,チキン南蛮スペシャル,760,500,1352,36.1,163.3,160.3,61.1,3,5.4,45
596,2021-7-4,4,3,ほっかほっか亭,牛焼肉スペシャル,790,500,1242,37.2,142.7,139.7,58,3,4.6,46
597,2021-7-4,4,3,ほっかほっか亭,シャケスペシャル,740,500,1085,33,141.3,138.3,43,3,5,47
598,2021-7-4,4,3,ほっかほっか亭,とりめしスペシャル,640,500,1224,35.9,157.2,154.2,49.8,3,5.9,48
599,2021-7-4,4,3,ほっかほっか亭,シャケ重,540,500,565,19.4,86.8,83.8,15.6,3,3.2,49
600,2021-7-4,4,3,ほっかほっか亭,唐揚弁当（4コ）,490,500,907,36.9,114.5,111.5,33.6,3,3.1,50
601,2021-7-5,2,3,ほっかほっか亭,唐揚弁当（5コ）,540,500,1009,43.8,117.4,114.4,40.6,3,3.6,1
602,2021-7-5,2,3,ほっかほっか亭,チキン南蛮弁当,560,500,997,29.3,138,135,36.1,3,3.7,2
603,2021-7-5,2,3,ほっかほっか亭,牛焼肉弁当,540,500,758,23.1,112.1,109.1,24.2,3,2,3
604,2021-7-5,2,3,ほっかほっか亭,のり弁当,360,500,704,21.7,115.2,112.2,17.4,3,3.1,4
605,2021-7-5,2,3,ほっかほっか亭,のり唐揚弁当,440,500,806,28.6,118.1,115.1,24.4,3,3.6,5
606,2021-7-5,2,3,ほっかほっか亭,とりめし,430,500,812,31,112.4,109.4,26.6,3,4,6
607,2021-7-5,2,3,ほっかほっか亭,おろし天丼,540,500,891,27.7,125.1,122.1,31,3,4,7
608,2021-7-5,2,3,ほっかほっか亭,ロースかつ丼,570,500,909,30.6,121.2,118.2,32.2,3,3.8,8
609,2021-7-5,2,3,ほっかほっか亭,特製カレー,480,500,629,10.6,113,110,15.2,3,3,9
610,2021-7-5,2,3,ほっかほっか亭,塩豚カルビ丼,540,500,822,21.6,99.5,96.5,39,3,3.3,10
611,2021-7-5,2,3,ほっかほっか亭,塩豚カルビ＆おろしうどんセット,560,500,795,17.4,114.9,111.9,30,3,4.2,11
612,2021-7-5,2,3,ほっかほっか亭,釜揚げしらす丼,540,500,500,19.4,77.6,74.6,11.7,3,1.9,12
613,2021-7-5,2,3,ほっかほっか亭,天ぷら御膳,650,500,862,22.9,102,99,39.3,3,2.4,13
614,2021-7-5,2,3,ほっかほっか亭,うなぎ御膳,1480,500,1127,41.9,111.6,108.6,55.8,3,4.7,14
615,2021-7-5,2,3,ほっかほっか亭,うな重,980,500,609,26.1,81.3,78.3,19.7,3,2.8,15
616,2021-7-5,2,3,ほっかほっか亭,うなぎＷ重,1780,500,843,44.5,83.8,80.8,36.5,3,3.8,16
617,2021-7-5,2,3,ほっかほっか亭,海老天かきあげおろしうどん,450,500,598,15.5,87.1,84.1,20.8,3,3.6,17
618,2021-7-5,2,3,ほっかほっか亭,野沢菜弁当,460,500,698,17.4,92.7,89.7,27.8,3,2.4,18
619,2021-7-5,2,3,ほっかほっか亭,タコライス＆照り焼チキンプレート,620,500,671,27.4,93.6,90.6,20,3,3.4,19
620,2021-7-5,2,3,ほっかほっか亭,ハンバーグプレート,640,500,741,25.2,98.5,95.5,27.1,3,2.7,20
621,2021-7-5,2,3,ほっかほっか亭,しょうが焼プレート,620,500,776,27.3,93.6,90.6,31.1,3,2.6,21
622,2021-7-5,2,3,ほっかほっか亭,のりスペシャル,640,500,1238,37.6,157.6,154.6,50.4,3,5.4,22
623,2021-7-5,2,3,ほっかほっか亭,唐揚スペシャル,690,500,1188,37.3,139.3,136.3,53.4,3,4.6,23
624,2021-7-5,2,3,ほっかほっか亭,チキン南蛮スペシャル,760,500,1352,36.1,163.3,160.3,61.1,3,5.4,24
625,2021-7-5,2,3,ほっかほっか亭,牛焼肉スペシャル,790,500,1242,37.2,142.7,139.7,58,3,4.6,25
626,2021-7-5,2,3,ほっかほっか亭,シャケスペシャル,740,500,1085,33,141.3,138.3,43,3,5,26
627,2021-7-5,2,3,ほっかほっか亭,とりめしスペシャル,640,500,1224,35.9,157.2,154.2,49.8,3,5.9,27
628,2021-7-5,2,3,ほっかほっか亭,シャケ重,540,500,565,19.4,86.8,83.8,15.6,3,3.2,28
629,2021-7-5,2,3,ほっかほっか亭,唐揚弁当（4コ）,490,500,907,36.9,114.5,111.5,33.6,3,3.1,29
630,2021-7-5,2,3,ほっかほっか亭,唐揚弁当（5コ）,540,500,1009,43.8,117.4,114.4,40.6,3,3.6,30
631,2021-7-5,2,3,ほっかほっか亭,チキン南蛮弁当,560,500,997,29.3,138,135,36.1,3,3.7,31
632,2021-7-5,2,3,ほっかほっか亭,牛焼肉弁当,540,500,758,23.1,112.1,109.1,24.2,3,2,32
633,2021-7-5,2,3,ほっかほっか亭,のり弁当,360,500,704,21.7,115.2,112.2,17.4,3,3.1,33
634,2021-7-5,2,3,ほっかほっか亭,のり唐揚弁当,440,500,806,28.6,118.1,115.1,24.4,3,3.6,34
635,2021-7-5,2,3,ほっかほっか亭,とりめし,430,500,812,31,112.4,109.4,26.6,3,4,35
636,2021-7-5,2,3,ほっかほっか亭,おろし天丼,540,500,891,27.7,125.1,122.1,31,3,4,36
637,2021-7-5,2,3,ほっかほっか亭,ロースかつ丼,570,500,909,30.6,121.2,118.2,32.2,3,3.8,37
638,2021-7-5,2,3,ほっかほっか亭,特製カレー,480,500,629,10.6,113,110,15.2,3,3,38
639,2021-7-5,2,3,ほっかほっか亭,塩豚カルビ丼,540,500,822,21.6,99.5,96.5,39,3,3.3,39
640,2021-7-5,2,3,ほっかほっか亭,塩豚カルビ＆おろしうどんセット,560,500,795,17.4,114.9,111.9,30,3,4.2,40
641,2021-7-5,2,3,ほっかほっか亭,釜揚げしらす丼,540,500,500,19.4,77.6,74.6,11.7,3,1.9,41
642,2021-7-5,2,3,ほっかほっか亭,天ぷら御膳,650,500,862,22.9,102,99,39.3,3,2.4,42
643,2021-7-5,2,3,ほっかほっか亭,うなぎ御膳,1480,500,1127,41.9,111.6,108.6,55.8,3,4.7,43
644,2021-7-5,2,3,ほっかほっか亭,うな重,980,500,609,26.1,81.3,78.3,19.7,3,2.8,44
645,2021-7-5,2,3,ほっかほっか亭,うなぎＷ重,1780,500,843,44.5,83.8,80.8,36.5,3,3.8,45
646,2021-7-5,2,3,ほっかほっか亭,海老天かきあげおろしうどん,450,500,598,15.5,87.1,84.1,20.8,3,3.6,46
647,2021-7-5,2,3,ほっかほっか亭,野沢菜弁当,460,500,698,17.4,92.7,89.7,27.8,3,2.4,47
648,2021-7-5,2,3,ほっかほっか亭,タコライス＆照り焼チキンプレート,620,500,671,27.4,93.6,90.6,20,3,3.4,48
649,2021-7-5,2,3,ほっかほっか亭,ハンバーグプレート,640,500,741,25.2,98.5,95.5,27.1,3,2.7,49
650,2021-7-5,2,3,ほっかほっか亭,しょうが焼プレート,620,500,776,27.3,93.6,90.6,31.1,3,2.6,50
651,2021-7-5,3,3,ほっかほっか亭,のりスペシャル,640,500,1238,37.6,157.6,154.6,50.4,3,5.4,1
652,2021-7-5,3,3,ほっかほっか亭,唐揚スペシャル,690,500,1188,37.3,139.3,136.3,53.4,3,4.6,2
653,2021-7-5,3,3,ほっかほっか亭,チキン南蛮スペシャル,760,500,1352,36.1,163.3,160.3,61.1,3,5.4,3
654,2021-7-5,3,3,ほっかほっか亭,牛焼肉スペシャル,790,500,1242,37.2,142.7,139.7,58,3,4.6,4
655,2021-7-5,3,3,ほっかほっか亭,シャケスペシャル,740,500,1085,33,141.3,138.3,43,3,5,5
656,2021-7-5,3,3,ほっかほっか亭,とりめしスペシャル,640,500,1224,35.9,157.2,154.2,49.8,3,5.9,6
657,2021-7-5,3,3,ほっかほっか亭,シャケ重,540,500,565,19.4,86.8,83.8,15.6,3,3.2,7
658,2021-7-5,3,3,ほっかほっか亭,唐揚弁当（4コ）,490,500,907,36.9,114.5,111.5,33.6,3,3.1,8
659,2021-7-5,3,3,ほっかほっか亭,唐揚弁当（5コ）,540,500,1009,43.8,117.4,114.4,40.6,3,3.6,9
660,2021-7-5,3,3,ほっかほっか亭,チキン南蛮弁当,560,500,997,29.3,138,135,36.1,3,3.7,10
661,2021-7-5,3,3,ほっかほっか亭,牛焼肉弁当,540,500,758,23.1,112.1,109.1,24.2,3,2,11
662,2021-7-5,3,3,ほっかほっか亭,のり弁当,360,500,704,21.7,115.2,112.2,17.4,3,3.1,12
663,2021-7-5,3,3,ほっかほっか亭,のり唐揚弁当,440,500,806,28.6,118.1,115.1,24.4,3,3.6,13
664,2021-7-5,3,3,ほっかほっか亭,とりめし,430,500,812,31,112.4,109.4,26.6,3,4,14
665,2021-7-5,3,3,ほっかほっか亭,おろし天丼,540,500,891,27.7,125.1,122.1,31,3,4,15
666,2021-7-5,3,3,ほっかほっか亭,ロースかつ丼,570,500,909,30.6,121.2,118.2,32.2,3,3.8,16
667,2021-7-5,3,3,ほっかほっか亭,特製カレー,480,500,629,10.6,113,110,15.2,3,3,17
668,2021-7-5,3,3,ほっかほっか亭,塩豚カルビ丼,540,500,822,21.6,99.5,96.5,39,3,3.3,18
669,2021-7-5,3,3,ほっかほっか亭,塩豚カルビ＆おろしうどんセット,560,500,795,17.4,114.9,111.9,30,3,4.2,19
670,2021-7-5,3,3,ほっかほっか亭,釜揚げしらす丼,540,500,500,19.4,77.6,74.6,11.7,3,1.9,20
671,2021-7-5,3,3,ほっかほっか亭,天ぷら御膳,650,500,862,22.9,102,99,39.3,3,2.4,21
672,2021-7-5,3,3,ほっかほっか亭,うなぎ御膳,1480,500,1127,41.9,111.6,108.6,55.8,3,4.7,22
673,2021-7-5,3,3,ほっかほっか亭,うな重,980,500,609,26.1,81.3,78.3,19.7,3,2.8,23
674,2021-7-5,3,3,ほっかほっか亭,うなぎＷ重,1780,500,843,44.5,83.8,80.8,36.5,3,3.8,24
675,2021-7-5,3,3,ほっかほっか亭,海老天かきあげおろしうどん,450,500,598,15.5,87.1,84.1,20.8,3,3.6,25
676,2021-7-5,3,3,ほっかほっか亭,野沢菜弁当,460,500,698,17.4,92.7,89.7,27.8,3,2.4,26
677,2021-7-5,3,3,ほっかほっか亭,タコライス＆照り焼チキンプレート,620,500,671,27.4,93.6,90.6,20,3,3.4,27
678,2021-7-5,3,3,ほっかほっか亭,ハンバーグプレート,640,500,741,25.2,98.5,95.5,27.1,3,2.7,28
679,2021-7-5,3,3,ほっかほっか亭,しょうが焼プレート,620,500,776,27.3,93.6,90.6,31.1,3,2.6,29
680,2021-7-5,3,3,ほっかほっか亭,のりスペシャル,640,500,1238,37.6,157.6,154.6,50.4,3,5.4,30
681,2021-7-5,3,3,ほっかほっか亭,唐揚スペシャル,690,500,1188,37.3,139.3,136.3,53.4,3,4.6,31
682,2021-7-5,3,3,ほっかほっか亭,チキン南蛮スペシャル,760,500,1352,36.1,163.3,160.3,61.1,3,5.4,32
683,2021-7-5,3,3,ほっかほっか亭,牛焼肉スペシャル,790,500,1242,37.2,142.7,139.7,58,3,4.6,33
684,2021-7-5,3,3,ほっかほっか亭,シャケスペシャル,740,500,1085,33,141.3,138.3,43,3,5,34
685,2021-7-5,3,3,ほっかほっか亭,とりめしスペシャル,640,500,1224,35.9,157.2,154.2,49.8,3,5.9,35
686,2021-7-5,3,3,ほっかほっか亭,シャケ重,540,500,565,19.4,86.8,83.8,15.6,3,3.2,36
687,2021-7-5,3,3,ほっかほっか亭,唐揚弁当（4コ）,490,500,907,36.9,114.5,111.5,33.6,3,3.1,37
688,2021-7-5,3,3,ほっかほっか亭,唐揚弁当（5コ）,540,500,1009,43.8,117.4,114.4,40.6,3,3.6,38
689,2021-7-5,3,3,ほっかほっか亭,チキン南蛮弁当,560,500,997,29.3,138,135,36.1,3,3.7,39
690,2021-7-5,3,3,ほっかほっか亭,牛焼肉弁当,540,500,758,23.1,112.1,109.1,24.2,3,2,40
691,2021-7-5,3,3,ほっかほっか亭,のり弁当,360,500,704,21.7,115.2,112.2,17.4,3,3.1,41
692,2021-7-5,3,3,ほっかほっか亭,のり唐揚弁当,440,500,806,28.6,118.1,115.1,24.4,3,3.6,42
693,2021-7-5,3,3,ほっかほっか亭,とりめし,430,500,812,31,112.4,109.4,26.6,3,4,43
694,2021-7-5,3,3,ほっかほっか亭,おろし天丼,540,500,891,27.7,125.1,122.1,31,3,4,44
695,2021-7-5,3,3,ほっかほっか亭,ロースかつ丼,570,500,909,30.6,121.2,118.2,32.2,3,3.8,45
696,2021-7-5,3,3,ほっかほっか亭,特製カレー,480,500,629,10.6,113,110,15.2,3,3,46
697,2021-7-5,3,3,ほっかほっか亭,塩豚カルビ丼,540,500,822,21.6,99.5,96.5,39,3,3.3,47
698,2021-7-5,3,3,ほっかほっか亭,塩豚カルビ＆おろしうどんセット,560,500,795,17.4,114.9,111.9,30,3,4.2,48
699,2021-7-5,3,3,ほっかほっか亭,釜揚げしらす丼,540,500,500,19.4,77.6,74.6,11.7,3,1.9,49
700,2021-7-5,3,3,ほっかほっか亭,天ぷら御膳,650,500,862,22.9,102,99,39.3,3,2.4,50
701,2021-7-5,4,3,ほっかほっか亭,うなぎ御膳,1480,500,1127,41.9,111.6,108.6,55.8,3,4.7,1
702,2021-7-5,4,3,ほっかほっか亭,うな重,980,500,609,26.1,81.3,78.3,19.7,3,2.8,2
703,2021-7-5,4,3,ほっかほっか亭,うなぎＷ重,1780,500,843,44.5,83.8,80.8,36.5,3,3.8,3
704,2021-7-5,4,3,ほっかほっか亭,海老天かきあげおろしうどん,450,500,598,15.5,87.1,84.1,20.8,3,3.6,4
705,2021-7-5,4,3,ほっかほっか亭,野沢菜弁当,460,500,698,17.4,92.7,89.7,27.8,3,2.4,5
706,2021-7-5,4,3,ほっかほっか亭,タコライス＆照り焼チキンプレート,620,500,671,27.4,93.6,90.6,20,3,3.4,6
707,2021-7-5,4,3,ほっかほっか亭,ハンバーグプレート,640,500,741,25.2,98.5,95.5,27.1,3,2.7,7
708,2021-7-5,4,3,ほっかほっか亭,しょうが焼プレート,620,500,776,27.3,93.6,90.6,31.1,3,2.6,8
709,2021-7-5,4,3,ほっかほっか亭,のりスペシャル,640,500,1238,37.6,157.6,154.6,50.4,3,5.4,9
710,2021-7-5,4,3,ほっかほっか亭,唐揚スペシャル,690,500,1188,37.3,139.3,136.3,53.4,3,4.6,10
711,2021-7-5,4,3,ほっかほっか亭,チキン南蛮スペシャル,760,500,1352,36.1,163.3,160.3,61.1,3,5.4,11
712,2021-7-5,4,3,ほっかほっか亭,牛焼肉スペシャル,790,500,1242,37.2,142.7,139.7,58,3,4.6,12
713,2021-7-5,4,3,ほっかほっか亭,シャケスペシャル,740,500,1085,33,141.3,138.3,43,3,5,13
714,2021-7-5,4,3,ほっかほっか亭,とりめしスペシャル,640,500,1224,35.9,157.2,154.2,49.8,3,5.9,14
715,2021-7-5,4,3,ほっかほっか亭,シャケ重,540,500,565,19.4,86.8,83.8,15.6,3,3.2,15
716,2021-7-5,4,3,ほっかほっか亭,唐揚弁当（4コ）,490,500,907,36.9,114.5,111.5,33.6,3,3.1,16
717,2021-7-5,4,3,ほっかほっか亭,唐揚弁当（5コ）,540,500,1009,43.8,117.4,114.4,40.6,3,3.6,17
718,2021-7-5,4,3,ほっかほっか亭,チキン南蛮弁当,560,500,997,29.3,138,135,36.1,3,3.7,18
719,2021-7-5,4,3,ほっかほっか亭,牛焼肉弁当,540,500,758,23.1,112.1,109.1,24.2,3,2,19
720,2021-7-5,4,3,ほっかほっか亭,のり弁当,360,500,704,21.7,115.2,112.2,17.4,3,3.1,20
721,2021-7-5,4,3,ほっかほっか亭,のり唐揚弁当,440,500,806,28.6,118.1,115.1,24.4,3,3.6,21
722,2021-7-5,4,3,ほっかほっか亭,とりめし,430,500,812,31,112.4,109.4,26.6,3,4,22
723,2021-7-5,4,3,ほっかほっか亭,おろし天丼,540,500,891,27.7,125.1,122.1,31,3,4,23
724,2021-7-5,4,3,ほっかほっか亭,ロースかつ丼,570,500,909,30.6,121.2,118.2,32.2,3,3.8,24
725,2021-7-5,4,3,ほっかほっか亭,特製カレー,480,500,629,10.6,113,110,15.2,3,3,25
726,2021-7-5,4,3,ほっかほっか亭,塩豚カルビ丼,540,500,822,21.6,99.5,96.5,39,3,3.3,26
727,2021-7-5,4,3,ほっかほっか亭,塩豚カルビ＆おろしうどんセット,560,500,795,17.4,114.9,111.9,30,3,4.2,27
728,2021-7-5,4,3,ほっかほっか亭,釜揚げしらす丼,540,500,500,19.4,77.6,74.6,11.7,3,1.9,28
729,2021-7-5,4,3,ほっかほっか亭,天ぷら御膳,650,500,862,22.9,102,99,39.3,3,2.4,29
730,2021-7-5,4,3,ほっかほっか亭,うなぎ御膳,1480,500,1127,41.9,111.6,108.6,55.8,3,4.7,30
731,2021-7-5,4,3,ほっかほっか亭,うな重,980,500,609,26.1,81.3,78.3,19.7,3,2.8,31
732,2021-7-5,4,3,ほっかほっか亭,うなぎＷ重,1780,500,843,44.5,83.8,80.8,36.5,3,3.8,32
733,2021-7-5,4,3,ほっかほっか亭,海老天かきあげおろしうどん,450,500,598,15.5,87.1,84.1,20.8,3,3.6,33
734,2021-7-5,4,3,ほっかほっか亭,野沢菜弁当,460,500,698,17.4,92.7,89.7,27.8,3,2.4,34
735,2021-7-5,4,3,ほっかほっか亭,タコライス＆照り焼チキンプレート,620,500,671,27.4,93.6,90.6,20,3,3.4,35
736,2021-7-5,4,3,ほっかほっか亭,ハンバーグプレート,640,500,741,25.2,98.5,95.5,27.1,3,2.7,36
737,2021-7-5,4,3,ほっかほっか亭,しょうが焼プレート,620,500,776,27.3,93.6,90.6,31.1,3,2.6,37
738,2021-7-5,4,3,ほっかほっか亭,のりスペシャル,640,500,1238,37.6,157.6,154.6,50.4,3,5.4,38
739,2021-7-5,4,3,ほっかほっか亭,唐揚スペシャル,690,500,1188,37.3,139.3,136.3,53.4,3,4.6,39
740,2021-7-5,4,3,ほっかほっか亭,チキン南蛮スペシャル,760,500,1352,36.1,163.3,160.3,61.1,3,5.4,40
741,2021-7-5,4,3,ほっかほっか亭,牛焼肉スペシャル,790,500,1242,37.2,142.7,139.7,58,3,4.6,41
742,2021-7-5,4,3,ほっかほっか亭,シャケスペシャル,740,500,1085,33,141.3,138.3,43,3,5,42
743,2021-7-5,4,3,ほっかほっか亭,とりめしスペシャル,640,500,1224,35.9,157.2,154.2,49.8,3,5.9,43
744,2021-7-5,4,3,ほっかほっか亭,シャケ重,540,500,565,19.4,86.8,83.8,15.6,3,3.2,44
745,2021-7-5,4,3,ほっかほっか亭,唐揚弁当（4コ）,490,500,907,36.9,114.5,111.5,33.6,3,3.1,45
746,2021-7-5,4,3,ほっかほっか亭,唐揚弁当（5コ）,540,500,1009,43.8,117.4,114.4,40.6,3,3.6,46
747,2021-7-5,4,3,ほっかほっか亭,チキン南蛮弁当,560,500,997,29.3,138,135,36.1,3,3.7,47
748,2021-7-5,4,3,ほっかほっか亭,牛焼肉弁当,540,500,758,23.1,112.1,109.1,24.2,3,2,48
749,2021-7-5,4,3,ほっかほっか亭,のり弁当,360,500,704,21.7,115.2,112.2,17.4,3,3.1,49
750,2021-7-5,4,3,ほっかほっか亭,のり唐揚弁当,440,500,806,28.6,118.1,115.1,24.4,3,3.6,50
751,2021-7-6,2,3,ほっかほっか亭,とりめし,430,500,812,31,112.4,109.4,26.6,3,4,1
752,2021-7-6,2,3,ほっかほっか亭,おろし天丼,540,500,891,27.7,125.1,122.1,31,3,4,2
753,2021-7-6,2,3,ほっかほっか亭,ロースかつ丼,570,500,909,30.6,121.2,118.2,32.2,3,3.8,3
754,2021-7-6,2,3,ほっかほっか亭,特製カレー,480,500,629,10.6,113,110,15.2,3,3,4
755,2021-7-6,2,3,ほっかほっか亭,塩豚カルビ丼,540,500,822,21.6,99.5,96.5,39,3,3.3,5
756,2021-7-6,2,3,ほっかほっか亭,塩豚カルビ＆おろしうどんセット,560,500,795,17.4,114.9,111.9,30,3,4.2,6
757,2021-7-6,2,3,ほっかほっか亭,釜揚げしらす丼,540,500,500,19.4,77.6,74.6,11.7,3,1.9,7
758,2021-7-6,2,3,ほっかほっか亭,天ぷら御膳,650,500,862,22.9,102,99,39.3,3,2.4,8
759,2021-7-6,2,3,ほっかほっか亭,うなぎ御膳,1480,500,1127,41.9,111.6,108.6,55.8,3,4.7,9
760,2021-7-6,2,3,ほっかほっか亭,うな重,980,500,609,26.1,81.3,78.3,19.7,3,2.8,10
761,2021-7-6,2,3,ほっかほっか亭,うなぎＷ重,1780,500,843,44.5,83.8,80.8,36.5,3,3.8,11
762,2021-7-6,2,3,ほっかほっか亭,海老天かきあげおろしうどん,450,500,598,15.5,87.1,84.1,20.8,3,3.6,12
763,2021-7-6,2,3,ほっかほっか亭,野沢菜弁当,460,500,698,17.4,92.7,89.7,27.8,3,2.4,13
764,2021-7-6,2,3,ほっかほっか亭,タコライス＆照り焼チキンプレート,620,500,671,27.4,93.6,90.6,20,3,3.4,14
765,2021-7-6,2,3,ほっかほっか亭,ハンバーグプレート,640,500,741,25.2,98.5,95.5,27.1,3,2.7,15
766,2021-7-6,2,3,ほっかほっか亭,しょうが焼プレート,620,500,776,27.3,93.6,90.6,31.1,3,2.6,16
767,2021-7-6,2,3,ほっかほっか亭,のりスペシャル,640,500,1238,37.6,157.6,154.6,50.4,3,5.4,17
768,2021-7-6,2,3,ほっかほっか亭,唐揚スペシャル,690,500,1188,37.3,139.3,136.3,53.4,3,4.6,18
769,2021-7-6,2,3,ほっかほっか亭,チキン南蛮スペシャル,760,500,1352,36.1,163.3,160.3,61.1,3,5.4,19
770,2021-7-6,2,3,ほっかほっか亭,牛焼肉スペシャル,790,500,1242,37.2,142.7,139.7,58,3,4.6,20
771,2021-7-6,2,3,ほっかほっか亭,シャケスペシャル,740,500,1085,33,141.3,138.3,43,3,5,21
772,2021-7-6,2,3,ほっかほっか亭,とりめしスペシャル,640,500,1224,35.9,157.2,154.2,49.8,3,5.9,22
773,2021-7-6,2,3,ほっかほっか亭,シャケ重,540,500,565,19.4,86.8,83.8,15.6,3,3.2,23
774,2021-7-6,2,3,ほっかほっか亭,唐揚弁当（4コ）,490,500,907,36.9,114.5,111.5,33.6,3,3.1,24
775,2021-7-6,2,3,ほっかほっか亭,唐揚弁当（5コ）,540,500,1009,43.8,117.4,114.4,40.6,3,3.6,25
776,2021-7-6,2,3,ほっかほっか亭,チキン南蛮弁当,560,500,997,29.3,138,135,36.1,3,3.7,26
777,2021-7-6,2,3,ほっかほっか亭,牛焼肉弁当,540,500,758,23.1,112.1,109.1,24.2,3,2,27
778,2021-7-6,2,3,ほっかほっか亭,のり弁当,360,500,704,21.7,115.2,112.2,17.4,3,3.1,28
779,2021-7-6,2,3,ほっかほっか亭,のり唐揚弁当,440,500,806,28.6,118.1,115.1,24.4,3,3.6,29
780,2021-7-6,2,3,ほっかほっか亭,とりめし,430,500,812,31,112.4,109.4,26.6,3,4,30
781,2021-7-6,2,3,ほっかほっか亭,おろし天丼,540,500,891,27.7,125.1,122.1,31,3,4,31
782,2021-7-6,2,3,ほっかほっか亭,ロースかつ丼,570,500,909,30.6,121.2,118.2,32.2,3,3.8,32
783,2021-7-6,2,3,ほっかほっか亭,特製カレー,480,500,629,10.6,113,110,15.2,3,3,33
784,2021-7-6,2,3,ほっかほっか亭,塩豚カルビ丼,540,500,822,21.6,99.5,96.5,39,3,3.3,34
785,2021-7-6,2,3,ほっかほっか亭,塩豚カルビ＆おろしうどんセット,560,500,795,17.4,114.9,111.9,30,3,4.2,35
786,2021-7-6,2,3,ほっかほっか亭,釜揚げしらす丼,540,500,500,19.4,77.6,74.6,11.7,3,1.9,36
787,2021-7-6,2,3,ほっかほっか亭,天ぷら御膳,650,500,862,22.9,102,99,39.3,3,2.4,37
788,2021-7-6,2,3,ほっかほっか亭,うなぎ御膳,1480,500,1127,41.9,111.6,108.6,55.8,3,4.7,38
789,2021-7-6,2,3,ほっかほっか亭,うな重,980,500,609,26.1,81.3,78.3,19.7,3,2.8,39
790,2021-7-6,2,3,ほっかほっか亭,うなぎＷ重,1780,500,843,44.5,83.8,80.8,36.5,3,3.8,40
791,2021-7-6,2,3,ほっかほっか亭,海老天かきあげおろしうどん,450,500,598,15.5,87.1,84.1,20.8,3,3.6,41
792,2021-7-6,2,3,ほっかほっか亭,野沢菜弁当,460,500,698,17.4,92.7,89.7,27.8,3,2.4,42
793,2021-7-6,2,3,ほっかほっか亭,タコライス＆照り焼チキンプレート,620,500,671,27.4,93.6,90.6,20,3,3.4,43
794,2021-7-6,2,3,ほっかほっか亭,ハンバーグプレート,640,500,741,25.2,98.5,95.5,27.1,3,2.7,44
795,2021-7-6,2,3,ほっかほっか亭,しょうが焼プレート,620,500,776,27.3,93.6,90.6,31.1,3,2.6,45
796,2021-7-6,2,3,ほっかほっか亭,のりスペシャル,640,500,1238,37.6,157.6,154.6,50.4,3,5.4,46
797,2021-7-6,2,3,ほっかほっか亭,唐揚スペシャル,690,500,1188,37.3,139.3,136.3,53.4,3,4.6,47
798,2021-7-6,2,3,ほっかほっか亭,チキン南蛮スペシャル,760,500,1352,36.1,163.3,160.3,61.1,3,5.4,48
799,2021-7-6,2,3,ほっかほっか亭,牛焼肉スペシャル,790,500,1242,37.2,142.7,139.7,58,3,4.6,49
800,2021-7-6,2,3,ほっかほっか亭,シャケスペシャル,740,500,1085,33,141.3,138.3,43,3,5,50
801,2021-7-6,3,3,ほっかほっか亭,とりめしスペシャル,640,500,1224,35.9,157.2,154.2,49.8,3,5.9,1
802,2021-7-6,3,3,ほっかほっか亭,シャケ重,540,500,565,19.4,86.8,83.8,15.6,3,3.2,2
803,2021-7-6,3,3,ほっかほっか亭,唐揚弁当（4コ）,490,500,907,36.9,114.5,111.5,33.6,3,3.1,3
804,2021-7-6,3,3,ほっかほっか亭,唐揚弁当（5コ）,540,500,1009,43.8,117.4,114.4,40.6,3,3.6,4
805,2021-7-6,3,3,ほっかほっか亭,チキン南蛮弁当,560,500,997,29.3,138,135,36.1,3,3.7,5
806,2021-7-6,3,3,ほっかほっか亭,牛焼肉弁当,540,500,758,23.1,112.1,109.1,24.2,3,2,6
807,2021-7-6,3,3,ほっかほっか亭,のり弁当,360,500,704,21.7,115.2,112.2,17.4,3,3.1,7
808,2021-7-6,3,3,ほっかほっか亭,のり唐揚弁当,440,500,806,28.6,118.1,115.1,24.4,3,3.6,8
809,2021-7-6,3,3,ほっかほっか亭,とりめし,430,500,812,31,112.4,109.4,26.6,3,4,9
810,2021-7-6,3,3,ほっかほっか亭,おろし天丼,540,500,891,27.7,125.1,122.1,31,3,4,10
811,2021-7-6,3,3,ほっかほっか亭,ロースかつ丼,570,500,909,30.6,121.2,118.2,32.2,3,3.8,11
812,2021-7-6,3,3,ほっかほっか亭,特製カレー,480,500,629,10.6,113,110,15.2,3,3,12
813,2021-7-6,3,3,ほっかほっか亭,塩豚カルビ丼,540,500,822,21.6,99.5,96.5,39,3,3.3,13
814,2021-7-6,3,3,ほっかほっか亭,塩豚カルビ＆おろしうどんセット,560,500,795,17.4,114.9,111.9,30,3,4.2,14
815,2021-7-6,3,3,ほっかほっか亭,釜揚げしらす丼,540,500,500,19.4,77.6,74.6,11.7,3,1.9,15
816,2021-7-6,3,3,ほっかほっか亭,天ぷら御膳,650,500,862,22.9,102,99,39.3,3,2.4,16
817,2021-7-6,3,3,ほっかほっか亭,うなぎ御膳,1480,500,1127,41.9,111.6,108.6,55.8,3,4.7,17
818,2021-7-6,3,3,ほっかほっか亭,うな重,980,500,609,26.1,81.3,78.3,19.7,3,2.8,18
819,2021-7-6,3,3,ほっかほっか亭,うなぎＷ重,1780,500,843,44.5,83.8,80.8,36.5,3,3.8,19
820,2021-7-6,3,3,ほっかほっか亭,海老天かきあげおろしうどん,450,500,598,15.5,87.1,84.1,20.8,3,3.6,20
821,2021-7-6,3,3,ほっかほっか亭,野沢菜弁当,460,500,698,17.4,92.7,89.7,27.8,3,2.4,21
822,2021-7-6,3,3,ほっかほっか亭,タコライス＆照り焼チキンプレート,620,500,671,27.4,93.6,90.6,20,3,3.4,22
823,2021-7-6,3,3,ほっかほっか亭,ハンバーグプレート,640,500,741,25.2,98.5,95.5,27.1,3,2.7,23
824,2021-7-6,3,3,ほっかほっか亭,しょうが焼プレート,620,500,776,27.3,93.6,90.6,31.1,3,2.6,24
825,2021-7-6,3,3,ほっかほっか亭,のりスペシャル,640,500,1238,37.6,157.6,154.6,50.4,3,5.4,25
826,2021-7-6,3,3,ほっかほっか亭,唐揚スペシャル,690,500,1188,37.3,139.3,136.3,53.4,3,4.6,26
827,2021-7-6,3,3,ほっかほっか亭,チキン南蛮スペシャル,760,500,1352,36.1,163.3,160.3,61.1,3,5.4,27
828,2021-7-6,3,3,ほっかほっか亭,牛焼肉スペシャル,790,500,1242,37.2,142.7,139.7,58,3,4.6,28
829,2021-7-6,3,3,ほっかほっか亭,シャケスペシャル,740,500,1085,33,141.3,138.3,43,3,5,29
830,2021-7-6,3,3,ほっかほっか亭,とりめしスペシャル,640,500,1224,35.9,157.2,154.2,49.8,3,5.9,30
831,2021-7-6,3,3,ほっかほっか亭,シャケ重,540,500,565,19.4,86.8,83.8,15.6,3,3.2,31
832,2021-7-6,3,3,ほっかほっか亭,唐揚弁当（4コ）,490,500,907,36.9,114.5,111.5,33.6,3,3.1,32
833,2021-7-6,3,3,ほっかほっか亭,唐揚弁当（5コ）,540,500,1009,43.8,117.4,114.4,40.6,3,3.6,33
834,2021-7-6,3,3,ほっかほっか亭,チキン南蛮弁当,560,500,997,29.3,138,135,36.1,3,3.7,34
835,2021-7-6,3,3,ほっかほっか亭,牛焼肉弁当,540,500,758,23.1,112.1,109.1,24.2,3,2,35
836,2021-7-6,3,3,ほっかほっか亭,のり弁当,360,500,704,21.7,115.2,112.2,17.4,3,3.1,36
837,2021-7-6,3,3,ほっかほっか亭,のり唐揚弁当,440,500,806,28.6,118.1,115.1,24.4,3,3.6,37
838,2021-7-6,3,3,ほっかほっか亭,とりめし,430,500,812,31,112.4,109.4,26.6,3,4,38
839,2021-7-6,3,3,ほっかほっか亭,おろし天丼,540,500,891,27.7,125.1,122.1,31,3,4,39
840,2021-7-6,3,3,ほっかほっか亭,ロースかつ丼,570,500,909,30.6,121.2,118.2,32.2,3,3.8,40
841,2021-7-6,3,3,ほっかほっか亭,特製カレー,480,500,629,10.6,113,110,15.2,3,3,41
842,2021-7-6,3,3,ほっかほっか亭,塩豚カルビ丼,540,500,822,21.6,99.5,96.5,39,3,3.3,42
843,2021-7-6,3,3,ほっかほっか亭,塩豚カルビ＆おろしうどんセット,560,500,795,17.4,114.9,111.9,30,3,4.2,43
844,2021-7-6,3,3,ほっかほっか亭,釜揚げしらす丼,540,500,500,19.4,77.6,74.6,11.7,3,1.9,44
845,2021-7-6,3,3,ほっかほっか亭,天ぷら御膳,650,500,862,22.9,102,99,39.3,3,2.4,45
846,2021-7-6,3,3,ほっかほっか亭,うなぎ御膳,1480,500,1127,41.9,111.6,108.6,55.8,3,4.7,46
847,2021-7-6,3,3,ほっかほっか亭,うな重,980,500,609,26.1,81.3,78.3,19.7,3,2.8,47
848,2021-7-6,3,3,ほっかほっか亭,うなぎＷ重,1780,500,843,44.5,83.8,80.8,36.5,3,3.8,48
849,2021-7-6,3,3,ほっかほっか亭,海老天かきあげおろしうどん,450,500,598,15.5,87.1,84.1,20.8,3,3.6,49
850,2021-7-6,3,3,ほっかほっか亭,野沢菜弁当,460,500,698,17.4,92.7,89.7,27.8,3,2.4,50
851,2021-7-6,4,3,ほっかほっか亭,タコライス＆照り焼チキンプレート,620,500,671,27.4,93.6,90.6,20,3,3.4,1
852,2021-7-6,4,3,ほっかほっか亭,ハンバーグプレート,640,500,741,25.2,98.5,95.5,27.1,3,2.7,2
853,2021-7-6,4,3,ほっかほっか亭,しょうが焼プレート,620,500,776,27.3,93.6,90.6,31.1,3,2.6,3
854,2021-7-6,4,3,ほっかほっか亭,のりスペシャル,640,500,1238,37.6,157.6,154.6,50.4,3,5.4,4
855,2021-7-6,4,3,ほっかほっか亭,唐揚スペシャル,690,500,1188,37.3,139.3,136.3,53.4,3,4.6,5
856,2021-7-6,4,3,ほっかほっか亭,チキン南蛮スペシャル,760,500,1352,36.1,163.3,160.3,61.1,3,5.4,6
857,2021-7-6,4,3,ほっかほっか亭,牛焼肉スペシャル,790,500,1242,37.2,142.7,139.7,58,3,4.6,7
858,2021-7-6,4,3,ほっかほっか亭,シャケスペシャル,740,500,1085,33,141.3,138.3,43,3,5,8
859,2021-7-6,4,3,ほっかほっか亭,とりめしスペシャル,640,500,1224,35.9,157.2,154.2,49.8,3,5.9,9
860,2021-7-6,4,3,ほっかほっか亭,シャケ重,540,500,565,19.4,86.8,83.8,15.6,3,3.2,10
861,2021-7-6,4,3,ほっかほっか亭,唐揚弁当（4コ）,490,500,907,36.9,114.5,111.5,33.6,3,3.1,11
862,2021-7-6,4,3,ほっかほっか亭,唐揚弁当（5コ）,540,500,1009,43.8,117.4,114.4,40.6,3,3.6,12
863,2021-7-6,4,3,ほっかほっか亭,チキン南蛮弁当,560,500,997,29.3,138,135,36.1,3,3.7,13
864,2021-7-6,4,3,ほっかほっか亭,牛焼肉弁当,540,500,758,23.1,112.1,109.1,24.2,3,2,14
865,2021-7-6,4,3,ほっかほっか亭,のり弁当,360,500,704,21.7,115.2,112.2,17.4,3,3.1,15
866,2021-7-6,4,3,ほっかほっか亭,のり唐揚弁当,440,500,806,28.6,118.1,115.1,24.4,3,3.6,16
867,2021-7-6,4,3,ほっかほっか亭,とりめし,430,500,812,31,112.4,109.4,26.6,3,4,17
868,2021-7-6,4,3,ほっかほっか亭,おろし天丼,540,500,891,27.7,125.1,122.1,31,3,4,18
869,2021-7-6,4,3,ほっかほっか亭,ロースかつ丼,570,500,909,30.6,121.2,118.2,32.2,3,3.8,19
870,2021-7-6,4,3,ほっかほっか亭,特製カレー,480,500,629,10.6,113,110,15.2,3,3,20
871,2021-7-6,4,3,ほっかほっか亭,塩豚カルビ丼,540,500,822,21.6,99.5,96.5,39,3,3.3,21
872,2021-7-6,4,3,ほっかほっか亭,塩豚カルビ＆おろしうどんセット,560,500,795,17.4,114.9,111.9,30,3,4.2,22
873,2021-7-6,4,3,ほっかほっか亭,釜揚げしらす丼,540,500,500,19.4,77.6,74.6,11.7,3,1.9,23
874,2021-7-6,4,3,ほっかほっか亭,天ぷら御膳,650,500,862,22.9,102,99,39.3,3,2.4,24
875,2021-7-6,4,3,ほっかほっか亭,うなぎ御膳,1480,500,1127,41.9,111.6,108.6,55.8,3,4.7,25
876,2021-7-6,4,3,ほっかほっか亭,うな重,980,500,609,26.1,81.3,78.3,19.7,3,2.8,26
877,2021-7-6,4,3,ほっかほっか亭,うなぎＷ重,1780,500,843,44.5,83.8,80.8,36.5,3,3.8,27
878,2021-7-6,4,3,ほっかほっか亭,海老天かきあげおろしうどん,450,500,598,15.5,87.1,84.1,20.8,3,3.6,28
879,2021-7-6,4,3,ほっかほっか亭,野沢菜弁当,460,500,698,17.4,92.7,89.7,27.8,3,2.4,29
880,2021-7-6,4,3,ほっかほっか亭,タコライス＆照り焼チキンプレート,620,500,671,27.4,93.6,90.6,20,3,3.4,30
881,2021-7-6,4,3,ほっかほっか亭,ハンバーグプレート,640,500,741,25.2,98.5,95.5,27.1,3,2.7,31
882,2021-7-6,4,3,ほっかほっか亭,しょうが焼プレート,620,500,776,27.3,93.6,90.6,31.1,3,2.6,32
883,2021-7-6,4,3,ほっかほっか亭,のりスペシャル,640,500,1238,37.6,157.6,154.6,50.4,3,5.4,33
884,2021-7-6,4,3,ほっかほっか亭,唐揚スペシャル,690,500,1188,37.3,139.3,136.3,53.4,3,4.6,34
885,2021-7-6,4,3,ほっかほっか亭,チキン南蛮スペシャル,760,500,1352,36.1,163.3,160.3,61.1,3,5.4,35
886,2021-7-6,4,3,ほっかほっか亭,牛焼肉スペシャル,790,500,1242,37.2,142.7,139.7,58,3,4.6,36
887,2021-7-6,4,3,ほっかほっか亭,シャケスペシャル,740,500,1085,33,141.3,138.3,43,3,5,37
888,2021-7-6,4,3,ほっかほっか亭,とりめしスペシャル,640,500,1224,35.9,157.2,154.2,49.8,3,5.9,38
889,2021-7-6,4,3,ほっかほっか亭,シャケ重,540,500,565,19.4,86.8,83.8,15.6,3,3.2,39
890,2021-7-6,4,3,ほっかほっか亭,唐揚弁当（4コ）,490,500,907,36.9,114.5,111.5,33.6,3,3.1,40
891,2021-7-6,4,3,ほっかほっか亭,唐揚弁当（5コ）,540,500,1009,43.8,117.4,114.4,40.6,3,3.6,41
892,2021-7-6,4,3,ほっかほっか亭,チキン南蛮弁当,560,500,997,29.3,138,135,36.1,3,3.7,42
893,2021-7-6,4,3,ほっかほっか亭,牛焼肉弁当,540,500,758,23.1,112.1,109.1,24.2,3,2,43
894,2021-7-6,4,3,ほっかほっか亭,のり弁当,360,500,704,21.7,115.2,112.2,17.4,3,3.1,44
895,2021-7-6,4,3,ほっかほっか亭,のり唐揚弁当,440,500,806,28.6,118.1,115.1,24.4,3,3.6,45
896,2021-7-6,4,3,ほっかほっか亭,とりめし,430,500,812,31,112.4,109.4,26.6,3,4,46
897,2021-7-6,4,3,ほっかほっか亭,おろし天丼,540,500,891,27.7,125.1,122.1,31,3,4,47
898,2021-7-6,4,3,ほっかほっか亭,ロースかつ丼,570,500,909,30.6,121.2,118.2,32.2,3,3.8,48
899,2021-7-6,4,3,ほっかほっか亭,特製カレー,480,500,629,10.6,113,110,15.2,3,3,49
900,2021-7-6,4,3,ほっかほっか亭,塩豚カルビ丼,540,500,822,21.6,99.5,96.5,39,3,3.3,50
901,2021-7-7,2,3,ほっかほっか亭,塩豚カルビ＆おろしうどんセット,560,500,795,17.4,114.9,111.9,30,3,4.2,1
902,2021-7-7,2,3,ほっかほっか亭,釜揚げしらす丼,540,500,500,19.4,77.6,74.6,11.7,3,1.9,2
903,2021-7-7,2,3,ほっかほっか亭,天ぷら御膳,650,500,862,22.9,102,99,39.3,3,2.4,3
904,2021-7-7,2,3,ほっかほっか亭,うなぎ御膳,1480,500,1127,41.9,111.6,108.6,55.8,3,4.7,4
905,2021-7-7,2,3,ほっかほっか亭,うな重,980,500,609,26.1,81.3,78.3,19.7,3,2.8,5
906,2021-7-7,2,3,ほっかほっか亭,うなぎＷ重,1780,500,843,44.5,83.8,80.8,36.5,3,3.8,6
907,2021-7-7,2,3,ほっかほっか亭,海老天かきあげおろしうどん,450,500,598,15.5,87.1,84.1,20.8,3,3.6,7
908,2021-7-7,2,3,ほっかほっか亭,野沢菜弁当,460,500,698,17.4,92.7,89.7,27.8,3,2.4,8
909,2021-7-7,2,3,ほっかほっか亭,タコライス＆照り焼チキンプレート,620,500,671,27.4,93.6,90.6,20,3,3.4,9
910,2021-7-7,2,3,ほっかほっか亭,ハンバーグプレート,640,500,741,25.2,98.5,95.5,27.1,3,2.7,10
911,2021-7-7,2,3,ほっかほっか亭,しょうが焼プレート,620,500,776,27.3,93.6,90.6,31.1,3,2.6,11
912,2021-7-7,2,3,ほっかほっか亭,のりスペシャル,640,500,1238,37.6,157.6,154.6,50.4,3,5.4,12
913,2021-7-7,2,3,ほっかほっか亭,唐揚スペシャル,690,500,1188,37.3,139.3,136.3,53.4,3,4.6,13
914,2021-7-7,2,3,ほっかほっか亭,チキン南蛮スペシャル,760,500,1352,36.1,163.3,160.3,61.1,3,5.4,14
915,2021-7-7,2,3,ほっかほっか亭,牛焼肉スペシャル,790,500,1242,37.2,142.7,139.7,58,3,4.6,15
916,2021-7-7,2,3,ほっかほっか亭,シャケスペシャル,740,500,1085,33,141.3,138.3,43,3,5,16
917,2021-7-7,2,3,ほっかほっか亭,とりめしスペシャル,640,500,1224,35.9,157.2,154.2,49.8,3,5.9,17
918,2021-7-7,2,3,ほっかほっか亭,シャケ重,540,500,565,19.4,86.8,83.8,15.6,3,3.2,18
919,2021-7-7,2,3,ほっかほっか亭,唐揚弁当（4コ）,490,500,907,36.9,114.5,111.5,33.6,3,3.1,19
920,2021-7-7,2,3,ほっかほっか亭,唐揚弁当（5コ）,540,500,1009,43.8,117.4,114.4,40.6,3,3.6,20
921,2021-7-7,2,3,ほっかほっか亭,チキン南蛮弁当,560,500,997,29.3,138,135,36.1,3,3.7,21
922,2021-7-7,2,3,ほっかほっか亭,牛焼肉弁当,540,500,758,23.1,112.1,109.1,24.2,3,2,22
923,2021-7-7,2,3,ほっかほっか亭,のり弁当,360,500,704,21.7,115.2,112.2,17.4,3,3.1,23
924,2021-7-7,2,3,ほっかほっか亭,のり唐揚弁当,440,500,806,28.6,118.1,115.1,24.4,3,3.6,24
925,2021-7-7,2,3,ほっかほっか亭,とりめし,430,500,812,31,112.4,109.4,26.6,3,4,25
926,2021-7-7,2,3,ほっかほっか亭,おろし天丼,540,500,891,27.7,125.1,122.1,31,3,4,26
927,2021-7-7,2,3,ほっかほっか亭,ロースかつ丼,570,500,909,30.6,121.2,118.2,32.2,3,3.8,27
928,2021-7-7,2,3,ほっかほっか亭,特製カレー,480,500,629,10.6,113,110,15.2,3,3,28
929,2021-7-7,2,3,ほっかほっか亭,塩豚カルビ丼,540,500,822,21.6,99.5,96.5,39,3,3.3,29
930,2021-7-7,2,3,ほっかほっか亭,塩豚カルビ＆おろしうどんセット,560,500,795,17.4,114.9,111.9,30,3,4.2,30
931,2021-7-7,2,3,ほっかほっか亭,釜揚げしらす丼,540,500,500,19.4,77.6,74.6,11.7,3,1.9,31
932,2021-7-7,2,3,ほっかほっか亭,天ぷら御膳,650,500,862,22.9,102,99,39.3,3,2.4,32
933,2021-7-7,2,3,ほっかほっか亭,うなぎ御膳,1480,500,1127,41.9,111.6,108.6,55.8,3,4.7,33
934,2021-7-7,2,3,ほっかほっか亭,うな重,980,500,609,26.1,81.3,78.3,19.7,3,2.8,34
935,2021-7-7,2,3,ほっかほっか亭,うなぎＷ重,1780,500,843,44.5,83.8,80.8,36.5,3,3.8,35
936,2021-7-7,2,3,ほっかほっか亭,海老天かきあげおろしうどん,450,500,598,15.5,87.1,84.1,20.8,3,3.6,36
937,2021-7-7,2,3,ほっかほっか亭,野沢菜弁当,460,500,698,17.4,92.7,89.7,27.8,3,2.4,37
938,2021-7-7,2,3,ほっかほっか亭,タコライス＆照り焼チキンプレート,620,500,671,27.4,93.6,90.6,20,3,3.4,38
939,2021-7-7,2,3,ほっかほっか亭,ハンバーグプレート,640,500,741,25.2,98.5,95.5,27.1,3,2.7,39
940,2021-7-7,2,3,ほっかほっか亭,しょうが焼プレート,620,500,776,27.3,93.6,90.6,31.1,3,2.6,40
941,2021-7-7,2,3,ほっかほっか亭,のりスペシャル,640,500,1238,37.6,157.6,154.6,50.4,3,5.4,41
942,2021-7-7,2,3,ほっかほっか亭,唐揚スペシャル,690,500,1188,37.3,139.3,136.3,53.4,3,4.6,42
943,2021-7-7,2,3,ほっかほっか亭,チキン南蛮スペシャル,760,500,1352,36.1,163.3,160.3,61.1,3,5.4,43
944,2021-7-7,2,3,ほっかほっか亭,牛焼肉スペシャル,790,500,1242,37.2,142.7,139.7,58,3,4.6,44
945,2021-7-7,2,3,ほっかほっか亭,シャケスペシャル,740,500,1085,33,141.3,138.3,43,3,5,45
946,2021-7-7,2,3,ほっかほっか亭,とりめしスペシャル,640,500,1224,35.9,157.2,154.2,49.8,3,5.9,46
947,2021-7-7,2,3,ほっかほっか亭,シャケ重,540,500,565,19.4,86.8,83.8,15.6,3,3.2,47
948,2021-7-7,2,3,ほっかほっか亭,唐揚弁当（4コ）,490,500,907,36.9,114.5,111.5,33.6,3,3.1,48
949,2021-7-7,2,3,ほっかほっか亭,唐揚弁当（5コ）,540,500,1009,43.8,117.4,114.4,40.6,3,3.6,49
950,2021-7-7,2,3,ほっかほっか亭,チキン南蛮弁当,560,500,997,29.3,138,135,36.1,3,3.7,50
951,2021-7-7,3,3,ほっかほっか亭,牛焼肉弁当,540,500,758,23.1,112.1,109.1,24.2,3,2,1
952,2021-7-7,3,3,ほっかほっか亭,のり弁当,360,500,704,21.7,115.2,112.2,17.4,3,3.1,2
953,2021-7-7,3,3,ほっかほっか亭,のり唐揚弁当,440,500,806,28.6,118.1,115.1,24.4,3,3.6,3
954,2021-7-7,3,3,ほっかほっか亭,とりめし,430,500,812,31,112.4,109.4,26.6,3,4,4
955,2021-7-7,3,3,ほっかほっか亭,おろし天丼,540,500,891,27.7,125.1,122.1,31,3,4,5
956,2021-7-7,3,3,ほっかほっか亭,ロースかつ丼,570,500,909,30.6,121.2,118.2,32.2,3,3.8,6
957,2021-7-7,3,3,ほっかほっか亭,特製カレー,480,500,629,10.6,113,110,15.2,3,3,7
958,2021-7-7,3,3,ほっかほっか亭,塩豚カルビ丼,540,500,822,21.6,99.5,96.5,39,3,3.3,8
959,2021-7-7,3,3,ほっかほっか亭,塩豚カルビ＆おろしうどんセット,560,500,795,17.4,114.9,111.9,30,3,4.2,9
960,2021-7-7,3,3,ほっかほっか亭,釜揚げしらす丼,540,500,500,19.4,77.6,74.6,11.7,3,1.9,10
961,2021-7-7,3,3,ほっかほっか亭,天ぷら御膳,650,500,862,22.9,102,99,39.3,3,2.4,11
962,2021-7-7,3,3,ほっかほっか亭,うなぎ御膳,1480,500,1127,41.9,111.6,108.6,55.8,3,4.7,12
963,2021-7-7,3,3,ほっかほっか亭,うな重,980,500,609,26.1,81.3,78.3,19.7,3,2.8,13
964,2021-7-7,3,3,ほっかほっか亭,うなぎＷ重,1780,500,843,44.5,83.8,80.8,36.5,3,3.8,14
965,2021-7-7,3,3,ほっかほっか亭,海老天かきあげおろしうどん,450,500,598,15.5,87.1,84.1,20.8,3,3.6,15
966,2021-7-7,3,3,ほっかほっか亭,野沢菜弁当,460,500,698,17.4,92.7,89.7,27.8,3,2.4,16
967,2021-7-7,3,3,ほっかほっか亭,タコライス＆照り焼チキンプレート,620,500,671,27.4,93.6,90.6,20,3,3.4,17
968,2021-7-7,3,3,ほっかほっか亭,ハンバーグプレート,640,500,741,25.2,98.5,95.5,27.1,3,2.7,18
969,2021-7-7,3,3,ほっかほっか亭,しょうが焼プレート,620,500,776,27.3,93.6,90.6,31.1,3,2.6,19
970,2021-7-7,3,3,ほっかほっか亭,のりスペシャル,640,500,1238,37.6,157.6,154.6,50.4,3,5.4,20
971,2021-7-7,3,3,ほっかほっか亭,唐揚スペシャル,690,500,1188,37.3,139.3,136.3,53.4,3,4.6,21
972,2021-7-7,3,3,ほっかほっか亭,チキン南蛮スペシャル,760,500,1352,36.1,163.3,160.3,61.1,3,5.4,22
973,2021-7-7,3,3,ほっかほっか亭,牛焼肉スペシャル,790,500,1242,37.2,142.7,139.7,58,3,4.6,23
974,2021-7-7,3,3,ほっかほっか亭,シャケスペシャル,740,500,1085,33,141.3,138.3,43,3,5,24
975,2021-7-7,3,3,ほっかほっか亭,とりめしスペシャル,640,500,1224,35.9,157.2,154.2,49.8,3,5.9,25
976,2021-7-7,3,3,ほっかほっか亭,シャケ重,540,500,565,19.4,86.8,83.8,15.6,3,3.2,26
977,2021-7-7,3,3,ほっかほっか亭,唐揚弁当（4コ）,490,500,907,36.9,114.5,111.5,33.6,3,3.1,27
978,2021-7-7,3,3,ほっかほっか亭,唐揚弁当（5コ）,540,500,1009,43.8,117.4,114.4,40.6,3,3.6,28
979,2021-7-7,3,3,ほっかほっか亭,チキン南蛮弁当,560,500,997,29.3,138,135,36.1,3,3.7,29
980,2021-7-7,3,3,ほっかほっか亭,牛焼肉弁当,540,500,758,23.1,112.1,109.1,24.2,3,2,30
981,2021-7-7,3,3,ほっかほっか亭,のり弁当,360,500,704,21.7,115.2,112.2,17.4,3,3.1,31
982,2021-7-7,3,3,ほっかほっか亭,のり唐揚弁当,440,500,806,28.6,118.1,115.1,24.4,3,3.6,32
983,2021-7-7,3,3,ほっかほっか亭,とりめし,430,500,812,31,112.4,109.4,26.6,3,4,33
984,2021-7-7,3,3,ほっかほっか亭,おろし天丼,540,500,891,27.7,125.1,122.1,31,3,4,34
985,2021-7-7,3,3,ほっかほっか亭,ロースかつ丼,570,500,909,30.6,121.2,118.2,32.2,3,3.8,35
986,2021-7-7,3,3,ほっかほっか亭,特製カレー,480,500,629,10.6,113,110,15.2,3,3,36
987,2021-7-7,3,3,ほっかほっか亭,塩豚カルビ丼,540,500,822,21.6,99.5,96.5,39,3,3.3,37
988,2021-7-7,3,3,ほっかほっか亭,塩豚カルビ＆おろしうどんセット,560,500,795,17.4,114.9,111.9,30,3,4.2,38
989,2021-7-7,3,3,ほっかほっか亭,釜揚げしらす丼,540,500,500,19.4,77.6,74.6,11.7,3,1.9,39
990,2021-7-7,3,3,ほっかほっか亭,天ぷら御膳,650,500,862,22.9,102,99,39.3,3,2.4,40
991,2021-7-7,3,3,ほっかほっか亭,うなぎ御膳,1480,500,1127,41.9,111.6,108.6,55.8,3,4.7,41
992,2021-7-7,3,3,ほっかほっか亭,うな重,980,500,609,26.1,81.3,78.3,19.7,3,2.8,42
993,2021-7-7,3,3,ほっかほっか亭,うなぎＷ重,1780,500,843,44.5,83.8,80.8,36.5,3,3.8,43
994,2021-7-7,3,3,ほっかほっか亭,海老天かきあげおろしうどん,450,500,598,15.5,87.1,84.1,20.8,3,3.6,44
995,2021-7-7,3,3,ほっかほっか亭,野沢菜弁当,460,500,698,17.4,92.7,89.7,27.8,3,2.4,45
996,2021-7-7,3,3,ほっかほっか亭,タコライス＆照り焼チキンプレート,620,500,671,27.4,93.6,90.6,20,3,3.4,46
997,2021-7-7,3,3,ほっかほっか亭,ハンバーグプレート,640,500,741,25.2,98.5,95.5,27.1,3,2.7,47
998,2021-7-7,3,3,ほっかほっか亭,しょうが焼プレート,620,500,776,27.3,93.6,90.6,31.1,3,2.6,48
999,2021-7-7,3,3,ほっかほっか亭,のりスペシャル,640,500,1238,37.6,157.6,154.6,50.4,3,5.4,49
1000,2021-7-7,3,3,ほっかほっか亭,唐揚スペシャル,690,500,1188,37.3,139.3,136.3,53.4,3,4.6,50
1001,2021-7-7,4,3,ほっかほっか亭,チキン南蛮スペシャル,760,500,1352,36.1,163.3,160.3,61.1,3,5.4,1
1002,2021-7-7,4,3,ほっかほっか亭,牛焼肉スペシャル,790,500,1242,37.2,142.7,139.7,58,3,4.6,2
1003,2021-7-7,4,3,ほっかほっか亭,シャケスペシャル,740,500,1085,33,141.3,138.3,43,3,5,3
1004,2021-7-7,4,3,ほっかほっか亭,とりめしスペシャル,640,500,1224,35.9,157.2,154.2,49.8,3,5.9,4
1005,2021-7-7,4,3,ほっかほっか亭,シャケ重,540,500,565,19.4,86.8,83.8,15.6,3,3.2,5
1006,2021-7-7,4,3,ほっかほっか亭,唐揚弁当（4コ）,490,500,907,36.9,114.5,111.5,33.6,3,3.1,6
1007,2021-7-7,4,3,ほっかほっか亭,唐揚弁当（5コ）,540,500,1009,43.8,117.4,114.4,40.6,3,3.6,7
1008,2021-7-7,4,3,ほっかほっか亭,チキン南蛮弁当,560,500,997,29.3,138,135,36.1,3,3.7,8
1009,2021-7-7,4,3,ほっかほっか亭,牛焼肉弁当,540,500,758,23.1,112.1,109.1,24.2,3,2,9
1010,2021-7-7,4,3,ほっかほっか亭,のり弁当,360,500,704,21.7,115.2,112.2,17.4,3,3.1,10
1011,2021-7-7,4,3,ほっかほっか亭,のり唐揚弁当,440,500,806,28.6,118.1,115.1,24.4,3,3.6,11
1012,2021-7-7,4,3,ほっかほっか亭,とりめし,430,500,812,31,112.4,109.4,26.6,3,4,12
1013,2021-7-7,4,3,ほっかほっか亭,おろし天丼,540,500,891,27.7,125.1,122.1,31,3,4,13
1014,2021-7-7,4,3,ほっかほっか亭,ロースかつ丼,570,500,909,30.6,121.2,118.2,32.2,3,3.8,14
1015,2021-7-7,4,3,ほっかほっか亭,特製カレー,480,500,629,10.6,113,110,15.2,3,3,15
1016,2021-7-7,4,3,ほっかほっか亭,塩豚カルビ丼,540,500,822,21.6,99.5,96.5,39,3,3.3,16
1017,2021-7-7,4,3,ほっかほっか亭,塩豚カルビ＆おろしうどんセット,560,500,795,17.4,114.9,111.9,30,3,4.2,17
1018,2021-7-7,4,3,ほっかほっか亭,釜揚げしらす丼,540,500,500,19.4,77.6,74.6,11.7,3,1.9,18
1019,2021-7-7,4,3,ほっかほっか亭,天ぷら御膳,650,500,862,22.9,102,99,39.3,3,2.4,19
1020,2021-7-7,4,3,ほっかほっか亭,うなぎ御膳,1480,500,1127,41.9,111.6,108.6,55.8,3,4.7,20
1021,2021-7-7,4,3,ほっかほっか亭,うな重,980,500,609,26.1,81.3,78.3,19.7,3,2.8,21
1022,2021-7-7,4,3,ほっかほっか亭,うなぎＷ重,1780,500,843,44.5,83.8,80.8,36.5,3,3.8,22
1023,2021-7-7,4,3,ほっかほっか亭,海老天かきあげおろしうどん,450,500,598,15.5,87.1,84.1,20.8,3,3.6,23
1024,2021-7-7,4,3,ほっかほっか亭,野沢菜弁当,460,500,698,17.4,92.7,89.7,27.8,3,2.4,24
1025,2021-7-7,4,3,ほっかほっか亭,タコライス＆照り焼チキンプレート,620,500,671,27.4,93.6,90.6,20,3,3.4,25
1026,2021-7-7,4,3,ほっかほっか亭,ハンバーグプレート,640,500,741,25.2,98.5,95.5,27.1,3,2.7,26
1027,2021-7-7,4,3,ほっかほっか亭,しょうが焼プレート,620,500,776,27.3,93.6,90.6,31.1,3,2.6,27
1028,2021-7-7,4,3,ほっかほっか亭,のりスペシャル,640,500,1238,37.6,157.6,154.6,50.4,3,5.4,28
1029,2021-7-7,4,3,ほっかほっか亭,唐揚スペシャル,690,500,1188,37.3,139.3,136.3,53.4,3,4.6,29
1030,2021-7-7,4,3,ほっかほっか亭,チキン南蛮スペシャル,760,500,1352,36.1,163.3,160.3,61.1,3,5.4,30
1031,2021-7-7,4,3,ほっかほっか亭,牛焼肉スペシャル,790,500,1242,37.2,142.7,139.7,58,3,4.6,31
1032,2021-7-7,4,3,ほっかほっか亭,シャケスペシャル,740,500,1085,33,141.3,138.3,43,3,5,32
1033,2021-7-7,4,3,ほっかほっか亭,とりめしスペシャル,640,500,1224,35.9,157.2,154.2,49.8,3,5.9,33
1034,2021-7-7,4,3,ほっかほっか亭,シャケ重,540,500,565,19.4,86.8,83.8,15.6,3,3.2,34
1035,2021-7-7,4,3,ほっかほっか亭,唐揚弁当（4コ）,490,500,907,36.9,114.5,111.5,33.6,3,3.1,35
1036,2021-7-7,4,3,ほっかほっか亭,唐揚弁当（5コ）,540,500,1009,43.8,117.4,114.4,40.6,3,3.6,36
1037,2021-7-7,4,3,ほっかほっか亭,チキン南蛮弁当,560,500,997,29.3,138,135,36.1,3,3.7,37
1038,2021-7-7,4,3,ほっかほっか亭,牛焼肉弁当,540,500,758,23.1,112.1,109.1,24.2,3,2,38
1039,2021-7-7,4,3,ほっかほっか亭,のり弁当,360,500,704,21.7,115.2,112.2,17.4,3,3.1,39
1040,2021-7-7,4,3,ほっかほっか亭,のり唐揚弁当,440,500,806,28.6,118.1,115.1,24.4,3,3.6,40
1041,2021-7-7,4,3,ほっかほっか亭,とりめし,430,500,812,31,112.4,109.4,26.6,3,4,41
1042,2021-7-7,4,3,ほっかほっか亭,おろし天丼,540,500,891,27.7,125.1,122.1,31,3,4,42
1043,2021-7-7,4,3,ほっかほっか亭,ロースかつ丼,570,500,909,30.6,121.2,118.2,32.2,3,3.8,43
1044,2021-7-7,4,3,ほっかほっか亭,特製カレー,480,500,629,10.6,113,110,15.2,3,3,44
1045,2021-7-7,4,3,ほっかほっか亭,牛焼肉弁当,540,500,758,23.1,112.1,109.1,24.2,3,2,45
1046,2021-7-7,4,3,ほっかほっか亭,のり弁当,360,500,704,21.7,115.2,112.2,17.4,3,3.1,46
1047,2021-7-7,4,3,ほっかほっか亭,のり唐揚弁当,440,500,806,28.6,118.1,115.1,24.4,3,3.6,47
1048,2021-7-7,4,3,ほっかほっか亭,とりめし,430,500,812,31,112.4,109.4,26.6,3,4,48
1049,2021-7-7,4,3,ほっかほっか亭,おろし天丼,540,500,891,27.7,125.1,122.1,31,3,4,49
1050,2021-7-7,4,3,ほっかほっか亭,ロースかつ丼,570,500,909,30.6,121.2,118.2,32.2,3,3.8,50
